ID,experience,age,gender,region,familyhouse,occasion,choice,price_0,price_1,price_2,Kinoko_0,Kinoko_1,Kinoko_2,Takenoko_0,Takenoko_1,Takenoko_2,choiceid
1,3 : １年以上前,25,1 : 男性,3 : 関東地方,1,Q1,2,0,200,200,0,1,0,0,0,1,1
1,3 : １年以上前,25,1 : 男性,3 : 関東地方,1,Q2,1,0,180,200,0,1,0,0,0,1,2
1,3 : １年以上前,25,1 : 男性,3 : 関東地方,1,Q3,2,0,200,170,0,1,0,0,0,1,3
1,3 : １年以上前,25,1 : 男性,3 : 関東地方,1,Q4,2,0,220,200,0,1,0,0,0,1,4
1,3 : １年以上前,25,1 : 男性,3 : 関東地方,1,Q5,1,0,190,210,0,1,0,0,0,1,5
2,3 : １年以上前,27,1 : 男性,9 : 海外,0,Q1,1,0,200,200,0,1,0,0,0,1,6
2,3 : １年以上前,27,1 : 男性,9 : 海外,0,Q2,1,0,180,200,0,1,0,0,0,1,7
2,3 : １年以上前,27,1 : 男性,9 : 海外,0,Q3,2,0,200,170,0,1,0,0,0,1,8
2,3 : １年以上前,27,1 : 男性,9 : 海外,0,Q4,2,0,220,200,0,1,0,0,0,1,9
2,3 : １年以上前,27,1 : 男性,9 : 海外,0,Q5,1,0,190,210,0,1,0,0,0,1,10
3,1 : 過去半年以内,23,1 : 男性,3 : 関東地方,1,Q1,2,0,200,200,0,1,0,0,0,1,11
3,1 : 過去半年以内,23,1 : 男性,3 : 関東地方,1,Q2,2,0,180,200,0,1,0,0,0,1,12
3,1 : 過去半年以内,23,1 : 男性,3 : 関東地方,1,Q3,1,0,200,170,0,1,0,0,0,1,13
3,1 : 過去半年以内,23,1 : 男性,3 : 関東地方,1,Q4,2,0,220,200,0,1,0,0,0,1,14
3,1 : 過去半年以内,23,1 : 男性,3 : 関東地方,1,Q5,2,0,190,210,0,1,0,0,0,1,15
4,2 : 過去半年から１年以内,23,1 : 男性,4 : 中部地方,0,Q1,1,0,200,200,0,1,0,0,0,1,16
4,2 : 過去半年から１年以内,23,1 : 男性,4 : 中部地方,0,Q2,1,0,180,200,0,1,0,0,0,1,17
4,2 : 過去半年から１年以内,23,1 : 男性,4 : 中部地方,0,Q3,1,0,200,170,0,1,0,0,0,1,18
4,2 : 過去半年から１年以内,23,1 : 男性,4 : 中部地方,0,Q4,2,0,220,200,0,1,0,0,0,1,19
4,2 : 過去半年から１年以内,23,1 : 男性,4 : 中部地方,0,Q5,1,0,190,210,0,1,0,0,0,1,20
5,3 : １年以上前,22,1 : 男性,3 : 関東地方,1,Q1,2,0,200,200,0,1,0,0,0,1,21
5,3 : １年以上前,22,1 : 男性,3 : 関東地方,1,Q2,2,0,180,200,0,1,0,0,0,1,22
5,3 : １年以上前,22,1 : 男性,3 : 関東地方,1,Q3,2,0,200,170,0,1,0,0,0,1,23
5,3 : １年以上前,22,1 : 男性,3 : 関東地方,1,Q4,2,0,220,200,0,1,0,0,0,1,24
5,3 : １年以上前,22,1 : 男性,3 : 関東地方,1,Q5,2,0,190,210,0,1,0,0,0,1,25
6,3 : １年以上前,22,2 : 女性,3 : 関東地方,1,Q1,1,0,200,200,0,1,0,0,0,1,26
6,3 : １年以上前,22,2 : 女性,3 : 関東地方,1,Q2,1,0,180,200,0,1,0,0,0,1,27
6,3 : １年以上前,22,2 : 女性,3 : 関東地方,1,Q3,1,0,200,170,0,1,0,0,0,1,28
6,3 : １年以上前,22,2 : 女性,3 : 関東地方,1,Q4,0,0,220,200,0,1,0,0,0,1,29
6,3 : １年以上前,22,2 : 女性,3 : 関東地方,1,Q5,1,0,190,210,0,1,0,0,0,1,30
7,2 : 過去半年から１年以内,21,2 : 女性,3 : 関東地方,1,Q1,1,0,200,200,0,1,0,0,0,1,31
7,2 : 過去半年から１年以内,21,2 : 女性,3 : 関東地方,1,Q2,1,0,180,200,0,1,0,0,0,1,32
7,2 : 過去半年から１年以内,21,2 : 女性,3 : 関東地方,1,Q3,2,0,200,170,0,1,0,0,0,1,33
7,2 : 過去半年から１年以内,21,2 : 女性,3 : 関東地方,1,Q4,2,0,220,200,0,1,0,0,0,1,34
7,2 : 過去半年から１年以内,21,2 : 女性,3 : 関東地方,1,Q5,1,0,190,210,0,1,0,0,0,1,35
8,3 : １年以上前,21,1 : 男性,3 : 関東地方,1,Q1,1,0,200,200,0,1,0,0,0,1,36
8,3 : １年以上前,21,1 : 男性,3 : 関東地方,1,Q2,1,0,180,200,0,1,0,0,0,1,37
8,3 : １年以上前,21,1 : 男性,3 : 関東地方,1,Q3,2,0,200,170,0,1,0,0,0,1,38
8,3 : １年以上前,21,1 : 男性,3 : 関東地方,1,Q4,2,0,220,200,0,1,0,0,0,1,39
8,3 : １年以上前,21,1 : 男性,3 : 関東地方,1,Q5,1,0,190,210,0,1,0,0,0,1,40
9,2 : 過去半年から１年以内,21,1 : 男性,2 : 東北地方,0,Q1,0,0,200,200,0,1,0,0,0,1,41
9,2 : 過去半年から１年以内,21,1 : 男性,2 : 東北地方,0,Q2,0,0,180,200,0,1,0,0,0,1,42
9,2 : 過去半年から１年以内,21,1 : 男性,2 : 東北地方,0,Q3,2,0,200,170,0,1,0,0,0,1,43
9,2 : 過去半年から１年以内,21,1 : 男性,2 : 東北地方,0,Q4,0,0,220,200,0,1,0,0,0,1,44
9,2 : 過去半年から１年以内,21,1 : 男性,2 : 東北地方,0,Q5,0,0,190,210,0,1,0,0,0,1,45
10,1 : 過去半年以内,22,1 : 男性,3 : 関東地方,1,Q1,2,0,200,200,0,1,0,0,0,1,46
10,1 : 過去半年以内,22,1 : 男性,3 : 関東地方,1,Q2,1,0,180,200,0,1,0,0,0,1,47
10,1 : 過去半年以内,22,1 : 男性,3 : 関東地方,1,Q3,2,0,200,170,0,1,0,0,0,1,48
10,1 : 過去半年以内,22,1 : 男性,3 : 関東地方,1,Q4,2,0,220,200,0,1,0,0,0,1,49
10,1 : 過去半年以内,22,1 : 男性,3 : 関東地方,1,Q5,2,0,190,210,0,1,0,0,0,1,50
11,1 : 過去半年以内,21,2 : 女性,3 : 関東地方,1,Q1,2,0,200,200,0,1,0,0,0,1,51
11,1 : 過去半年以内,21,2 : 女性,3 : 関東地方,1,Q2,2,0,180,200,0,1,0,0,0,1,52
11,1 : 過去半年以内,21,2 : 女性,3 : 関東地方,1,Q3,2,0,200,170,0,1,0,0,0,1,53
11,1 : 過去半年以内,21,2 : 女性,3 : 関東地方,1,Q4,2,0,220,200,0,1,0,0,0,1,54
11,1 : 過去半年以内,21,2 : 女性,3 : 関東地方,1,Q5,2,0,190,210,0,1,0,0,0,1,55
12,1 : 過去半年以内,21,1 : 男性,3 : 関東地方,1,Q1,1,0,200,200,0,1,0,0,0,1,56
12,1 : 過去半年以内,21,1 : 男性,3 : 関東地方,1,Q2,1,0,180,200,0,1,0,0,0,1,57
12,1 : 過去半年以内,21,1 : 男性,3 : 関東地方,1,Q3,1,0,200,170,0,1,0,0,0,1,58
12,1 : 過去半年以内,21,1 : 男性,3 : 関東地方,1,Q4,1,0,220,200,0,1,0,0,0,1,59
12,1 : 過去半年以内,21,1 : 男性,3 : 関東地方,1,Q5,1,0,190,210,0,1,0,0,0,1,60
13,3 : １年以上前,21,1 : 男性,3 : 関東地方,1,Q1,0,0,200,200,0,1,0,0,0,1,61
13,3 : １年以上前,21,1 : 男性,3 : 関東地方,1,Q2,0,0,180,200,0,1,0,0,0,1,62
13,3 : １年以上前,21,1 : 男性,3 : 関東地方,1,Q3,0,0,200,170,0,1,0,0,0,1,63
13,3 : １年以上前,21,1 : 男性,3 : 関東地方,1,Q4,0,0,220,200,0,1,0,0,0,1,64
13,3 : １年以上前,21,1 : 男性,3 : 関東地方,1,Q5,0,0,190,210,0,1,0,0,0,1,65
14,1 : 過去半年以内,21,1 : 男性,3 : 関東地方,1,Q1,2,0,200,200,0,1,0,0,0,1,66
14,1 : 過去半年以内,21,1 : 男性,3 : 関東地方,1,Q2,1,0,180,200,0,1,0,0,0,1,67
14,1 : 過去半年以内,21,1 : 男性,3 : 関東地方,1,Q3,2,0,200,170,0,1,0,0,0,1,68
14,1 : 過去半年以内,21,1 : 男性,3 : 関東地方,1,Q4,2,0,220,200,0,1,0,0,0,1,69
14,1 : 過去半年以内,21,1 : 男性,3 : 関東地方,1,Q5,1,0,190,210,0,1,0,0,0,1,70
15,3 : １年以上前,21,1 : 男性,3 : 関東地方,1,Q1,2,0,200,200,0,1,0,0,0,1,71
15,3 : １年以上前,21,1 : 男性,3 : 関東地方,1,Q2,2,0,180,200,0,1,0,0,0,1,72
15,3 : １年以上前,21,1 : 男性,3 : 関東地方,1,Q3,2,0,200,170,0,1,0,0,0,1,73
15,3 : １年以上前,21,1 : 男性,3 : 関東地方,1,Q4,2,0,220,200,0,1,0,0,0,1,74
15,3 : １年以上前,21,1 : 男性,3 : 関東地方,1,Q5,2,0,190,210,0,1,0,0,0,1,75
16,3 : １年以上前,21,1 : 男性,8 : 九州地方(沖縄含む),0,Q1,0,0,200,200,0,1,0,0,0,1,76
16,3 : １年以上前,21,1 : 男性,8 : 九州地方(沖縄含む),0,Q2,0,0,180,200,0,1,0,0,0,1,77
16,3 : １年以上前,21,1 : 男性,8 : 九州地方(沖縄含む),0,Q3,0,0,200,170,0,1,0,0,0,1,78
16,3 : １年以上前,21,1 : 男性,8 : 九州地方(沖縄含む),0,Q4,0,0,220,200,0,1,0,0,0,1,79
16,3 : １年以上前,21,1 : 男性,8 : 九州地方(沖縄含む),0,Q5,0,0,190,210,0,1,0,0,0,1,80
17,3 : １年以上前,21,1 : 男性,2 : 東北地方,1,Q1,1,0,200,200,0,1,0,0,0,1,81
17,3 : １年以上前,21,1 : 男性,2 : 東北地方,1,Q2,1,0,180,200,0,1,0,0,0,1,82
17,3 : １年以上前,21,1 : 男性,2 : 東北地方,1,Q3,2,0,200,170,0,1,0,0,0,1,83
17,3 : １年以上前,21,1 : 男性,2 : 東北地方,1,Q4,2,0,220,200,0,1,0,0,0,1,84
17,3 : １年以上前,21,1 : 男性,2 : 東北地方,1,Q5,1,0,190,210,0,1,0,0,0,1,85
18,2 : 過去半年から１年以内,22,1 : 男性,8 : 九州地方(沖縄含む),0,Q1,1,0,200,200,0,1,0,0,0,1,86
18,2 : 過去半年から１年以内,22,1 : 男性,8 : 九州地方(沖縄含む),0,Q2,1,0,180,200,0,1,0,0,0,1,87
18,2 : 過去半年から１年以内,22,1 : 男性,8 : 九州地方(沖縄含む),0,Q3,2,0,200,170,0,1,0,0,0,1,88
18,2 : 過去半年から１年以内,22,1 : 男性,8 : 九州地方(沖縄含む),0,Q4,2,0,220,200,0,1,0,0,0,1,89
18,2 : 過去半年から１年以内,22,1 : 男性,8 : 九州地方(沖縄含む),0,Q5,1,0,190,210,0,1,0,0,0,1,90
19,2 : 過去半年から１年以内,21,1 : 男性,3 : 関東地方,0,Q1,2,0,200,200,0,1,0,0,0,1,91
19,2 : 過去半年から１年以内,21,1 : 男性,3 : 関東地方,0,Q2,1,0,180,200,0,1,0,0,0,1,92
19,2 : 過去半年から１年以内,21,1 : 男性,3 : 関東地方,0,Q3,2,0,200,170,0,1,0,0,0,1,93
19,2 : 過去半年から１年以内,21,1 : 男性,3 : 関東地方,0,Q4,2,0,220,200,0,1,0,0,0,1,94
19,2 : 過去半年から１年以内,21,1 : 男性,3 : 関東地方,0,Q5,1,0,190,210,0,1,0,0,0,1,95
20,1 : 過去半年以内,21,1 : 男性,3 : 関東地方,1,Q1,2,0,200,200,0,1,0,0,0,1,96
20,1 : 過去半年以内,21,1 : 男性,3 : 関東地方,1,Q2,2,0,180,200,0,1,0,0,0,1,97
20,1 : 過去半年以内,21,1 : 男性,3 : 関東地方,1,Q3,2,0,200,170,0,1,0,0,0,1,98
20,1 : 過去半年以内,21,1 : 男性,3 : 関東地方,1,Q4,2,0,220,200,0,1,0,0,0,1,99
20,1 : 過去半年以内,21,1 : 男性,3 : 関東地方,1,Q5,2,0,190,210,0,1,0,0,0,1,100
21,1 : 過去半年以内,21,2 : 女性,3 : 関東地方,1,Q1,2,0,200,200,0,1,0,0,0,1,101
21,1 : 過去半年以内,21,2 : 女性,3 : 関東地方,1,Q2,2,0,180,200,0,1,0,0,0,1,102
21,1 : 過去半年以内,21,2 : 女性,3 : 関東地方,1,Q3,2,0,200,170,0,1,0,0,0,1,103
21,1 : 過去半年以内,21,2 : 女性,3 : 関東地方,1,Q4,2,0,220,200,0,1,0,0,0,1,104
21,1 : 過去半年以内,21,2 : 女性,3 : 関東地方,1,Q5,2,0,190,210,0,1,0,0,0,1,105
22,2 : 過去半年から１年以内,21,1 : 男性,7 : 四国地方,0,Q1,2,0,200,200,0,1,0,0,0,1,106
22,2 : 過去半年から１年以内,21,1 : 男性,7 : 四国地方,0,Q2,2,0,180,200,0,1,0,0,0,1,107
22,2 : 過去半年から１年以内,21,1 : 男性,7 : 四国地方,0,Q3,2,0,200,170,0,1,0,0,0,1,108
22,2 : 過去半年から１年以内,21,1 : 男性,7 : 四国地方,0,Q4,2,0,220,200,0,1,0,0,0,1,109
22,2 : 過去半年から１年以内,21,1 : 男性,7 : 四国地方,0,Q5,1,0,190,210,0,1,0,0,0,1,110
23,3 : １年以上前,21,1 : 男性,3 : 関東地方,1,Q1,0,0,200,200,0,1,0,0,0,1,111
23,3 : １年以上前,21,1 : 男性,3 : 関東地方,1,Q2,0,0,180,200,0,1,0,0,0,1,112
23,3 : １年以上前,21,1 : 男性,3 : 関東地方,1,Q3,2,0,200,170,0,1,0,0,0,1,113
23,3 : １年以上前,21,1 : 男性,3 : 関東地方,1,Q4,0,0,220,200,0,1,0,0,0,1,114
23,3 : １年以上前,21,1 : 男性,3 : 関東地方,1,Q5,0,0,190,210,0,1,0,0,0,1,115
24,2 : 過去半年から１年以内,20,1 : 男性,3 : 関東地方,1,Q1,2,0,200,200,0,1,0,0,0,1,116
24,2 : 過去半年から１年以内,20,1 : 男性,3 : 関東地方,1,Q2,2,0,180,200,0,1,0,0,0,1,117
24,2 : 過去半年から１年以内,20,1 : 男性,3 : 関東地方,1,Q3,2,0,200,170,0,1,0,0,0,1,118
24,2 : 過去半年から１年以内,20,1 : 男性,3 : 関東地方,1,Q4,2,0,220,200,0,1,0,0,0,1,119
24,2 : 過去半年から１年以内,20,1 : 男性,3 : 関東地方,1,Q5,2,0,190,210,0,1,0,0,0,1,120
25,1 : 過去半年以内,21,2 : 女性,3 : 関東地方,1,Q1,1,0,200,200,0,1,0,0,0,1,121
25,1 : 過去半年以内,21,2 : 女性,3 : 関東地方,1,Q2,1,0,180,200,0,1,0,0,0,1,122
25,1 : 過去半年以内,21,2 : 女性,3 : 関東地方,1,Q3,2,0,200,170,0,1,0,0,0,1,123
25,1 : 過去半年以内,21,2 : 女性,3 : 関東地方,1,Q4,2,0,220,200,0,1,0,0,0,1,124
25,1 : 過去半年以内,21,2 : 女性,3 : 関東地方,1,Q5,1,0,190,210,0,1,0,0,0,1,125
26,1 : 過去半年以内,21,2 : 女性,6 : 中国地方,0,Q1,2,0,200,200,0,1,0,0,0,1,126
26,1 : 過去半年以内,21,2 : 女性,6 : 中国地方,0,Q2,1,0,180,200,0,1,0,0,0,1,127
26,1 : 過去半年以内,21,2 : 女性,6 : 中国地方,0,Q3,2,0,200,170,0,1,0,0,0,1,128
26,1 : 過去半年以内,21,2 : 女性,6 : 中国地方,0,Q4,2,0,220,200,0,1,0,0,0,1,129
26,1 : 過去半年以内,21,2 : 女性,6 : 中国地方,0,Q5,1,0,190,210,0,1,0,0,0,1,130
27,1 : 過去半年以内,21,1 : 男性,3 : 関東地方,1,Q1,2,0,200,200,0,1,0,0,0,1,131
27,1 : 過去半年以内,21,1 : 男性,3 : 関東地方,1,Q2,2,0,180,200,0,1,0,0,0,1,132
27,1 : 過去半年以内,21,1 : 男性,3 : 関東地方,1,Q3,2,0,200,170,0,1,0,0,0,1,133
27,1 : 過去半年以内,21,1 : 男性,3 : 関東地方,1,Q4,2,0,220,200,0,1,0,0,0,1,134
27,1 : 過去半年以内,21,1 : 男性,3 : 関東地方,1,Q5,2,0,190,210,0,1,0,0,0,1,135
28,3 : １年以上前,21,1 : 男性,3 : 関東地方,1,Q1,1,0,200,200,0,1,0,0,0,1,136
28,3 : １年以上前,21,1 : 男性,3 : 関東地方,1,Q2,1,0,180,200,0,1,0,0,0,1,137
28,3 : １年以上前,21,1 : 男性,3 : 関東地方,1,Q3,2,0,200,170,0,1,0,0,0,1,138
28,3 : １年以上前,21,1 : 男性,3 : 関東地方,1,Q4,2,0,220,200,0,1,0,0,0,1,139
28,3 : １年以上前,21,1 : 男性,3 : 関東地方,1,Q5,1,0,190,210,0,1,0,0,0,1,140
29,3 : １年以上前,21,1 : 男性,3 : 関東地方,1,Q1,0,0,200,200,0,1,0,0,0,1,141
29,3 : １年以上前,21,1 : 男性,3 : 関東地方,1,Q2,0,0,180,200,0,1,0,0,0,1,142
29,3 : １年以上前,21,1 : 男性,3 : 関東地方,1,Q3,2,0,200,170,0,1,0,0,0,1,143
29,3 : １年以上前,21,1 : 男性,3 : 関東地方,1,Q4,0,0,220,200,0,1,0,0,0,1,144
29,3 : １年以上前,21,1 : 男性,3 : 関東地方,1,Q5,0,0,190,210,0,1,0,0,0,1,145
30,2 : 過去半年から１年以内,20,2 : 女性,3 : 関東地方,1,Q1,2,0,200,200,0,1,0,0,0,1,146
30,2 : 過去半年から１年以内,20,2 : 女性,3 : 関東地方,1,Q2,2,0,180,200,0,1,0,0,0,1,147
30,2 : 過去半年から１年以内,20,2 : 女性,3 : 関東地方,1,Q3,2,0,200,170,0,1,0,0,0,1,148
30,2 : 過去半年から１年以内,20,2 : 女性,3 : 関東地方,1,Q4,2,0,220,200,0,1,0,0,0,1,149
30,2 : 過去半年から１年以内,20,2 : 女性,3 : 関東地方,1,Q5,2,0,190,210,0,1,0,0,0,1,150
32,3 : １年以上前,21,1 : 男性,5 : 近畿地方,0,Q1,0,0,200,200,0,1,0,0,0,1,151
32,3 : １年以上前,21,1 : 男性,5 : 近畿地方,0,Q2,1,0,180,200,0,1,0,0,0,1,152
32,3 : １年以上前,21,1 : 男性,5 : 近畿地方,0,Q3,0,0,200,170,0,1,0,0,0,1,153
32,3 : １年以上前,21,1 : 男性,5 : 近畿地方,0,Q4,0,0,220,200,0,1,0,0,0,1,154
32,3 : １年以上前,21,1 : 男性,5 : 近畿地方,0,Q5,1,0,190,210,0,1,0,0,0,1,155
33,1 : 過去半年以内,20,2 : 女性,3 : 関東地方,1,Q1,0,0,200,200,0,1,0,0,0,1,156
33,1 : 過去半年以内,20,2 : 女性,3 : 関東地方,1,Q2,0,0,180,200,0,1,0,0,0,1,157
33,1 : 過去半年以内,20,2 : 女性,3 : 関東地方,1,Q3,2,0,200,170,0,1,0,0,0,1,158
33,1 : 過去半年以内,20,2 : 女性,3 : 関東地方,1,Q4,0,0,220,200,0,1,0,0,0,1,159
33,1 : 過去半年以内,20,2 : 女性,3 : 関東地方,1,Q5,0,0,190,210,0,1,0,0,0,1,160
34,1 : 過去半年以内,20,2 : 女性,3 : 関東地方,0,Q1,1,0,200,200,0,1,0,0,0,1,161
34,1 : 過去半年以内,20,2 : 女性,3 : 関東地方,0,Q2,1,0,180,200,0,1,0,0,0,1,162
34,1 : 過去半年以内,20,2 : 女性,3 : 関東地方,0,Q3,1,0,200,170,0,1,0,0,0,1,163
34,1 : 過去半年以内,20,2 : 女性,3 : 関東地方,0,Q4,1,0,220,200,0,1,0,0,0,1,164
34,1 : 過去半年以内,20,2 : 女性,3 : 関東地方,0,Q5,1,0,190,210,0,1,0,0,0,1,165
35,3 : １年以上前,20,1 : 男性,3 : 関東地方,1,Q1,0,0,200,200,0,1,0,0,0,1,166
35,3 : １年以上前,20,1 : 男性,3 : 関東地方,1,Q2,0,0,180,200,0,1,0,0,0,1,167
35,3 : １年以上前,20,1 : 男性,3 : 関東地方,1,Q3,0,0,200,170,0,1,0,0,0,1,168
35,3 : １年以上前,20,1 : 男性,3 : 関東地方,1,Q4,0,0,220,200,0,1,0,0,0,1,169
35,3 : １年以上前,20,1 : 男性,3 : 関東地方,1,Q5,0,0,190,210,0,1,0,0,0,1,170
37,1 : 過去半年以内,20,1 : 男性,3 : 関東地方,1,Q1,2,0,200,200,0,1,0,0,0,1,171
37,1 : 過去半年以内,20,1 : 男性,3 : 関東地方,1,Q2,2,0,180,200,0,1,0,0,0,1,172
37,1 : 過去半年以内,20,1 : 男性,3 : 関東地方,1,Q3,2,0,200,170,0,1,0,0,0,1,173
37,1 : 過去半年以内,20,1 : 男性,3 : 関東地方,1,Q4,2,0,220,200,0,1,0,0,0,1,174
37,1 : 過去半年以内,20,1 : 男性,3 : 関東地方,1,Q5,2,0,190,210,0,1,0,0,0,1,175
38,1 : 過去半年以内,20,2 : 女性,3 : 関東地方,1,Q1,1,0,200,200,0,1,0,0,0,1,176
38,1 : 過去半年以内,20,2 : 女性,3 : 関東地方,1,Q2,1,0,180,200,0,1,0,0,0,1,177
38,1 : 過去半年以内,20,2 : 女性,3 : 関東地方,1,Q3,2,0,200,170,0,1,0,0,0,1,178
38,1 : 過去半年以内,20,2 : 女性,3 : 関東地方,1,Q4,0,0,220,200,0,1,0,0,0,1,179
38,1 : 過去半年以内,20,2 : 女性,3 : 関東地方,1,Q5,1,0,190,210,0,1,0,0,0,1,180
39,1 : 過去半年以内,20,1 : 男性,3 : 関東地方,1,Q1,1,0,200,200,0,1,0,0,0,1,181
39,1 : 過去半年以内,20,1 : 男性,3 : 関東地方,1,Q2,2,0,180,200,0,1,0,0,0,1,182
39,1 : 過去半年以内,20,1 : 男性,3 : 関東地方,1,Q3,1,0,200,170,0,1,0,0,0,1,183
39,1 : 過去半年以内,20,1 : 男性,3 : 関東地方,1,Q4,2,0,220,200,0,1,0,0,0,1,184
39,1 : 過去半年以内,20,1 : 男性,3 : 関東地方,1,Q5,2,0,190,210,0,1,0,0,0,1,185
40,1 : 過去半年以内,20,2 : 女性,3 : 関東地方,0,Q1,2,0,200,200,0,1,0,0,0,1,186
40,1 : 過去半年以内,20,2 : 女性,3 : 関東地方,0,Q2,2,0,180,200,0,1,0,0,0,1,187
40,1 : 過去半年以内,20,2 : 女性,3 : 関東地方,0,Q3,2,0,200,170,0,1,0,0,0,1,188
40,1 : 過去半年以内,20,2 : 女性,3 : 関東地方,0,Q4,2,0,220,200,0,1,0,0,0,1,189
40,1 : 過去半年以内,20,2 : 女性,3 : 関東地方,0,Q5,2,0,190,210,0,1,0,0,0,1,190
41,1 : 過去半年以内,20,1 : 男性,3 : 関東地方,1,Q1,1,0,200,200,0,1,0,0,0,1,191
41,1 : 過去半年以内,20,1 : 男性,3 : 関東地方,1,Q2,1,0,180,200,0,1,0,0,0,1,192
41,1 : 過去半年以内,20,1 : 男性,3 : 関東地方,1,Q3,2,0,200,170,0,1,0,0,0,1,193
41,1 : 過去半年以内,20,1 : 男性,3 : 関東地方,1,Q4,0,0,220,200,0,1,0,0,0,1,194
41,1 : 過去半年以内,20,1 : 男性,3 : 関東地方,1,Q5,1,0,190,210,0,1,0,0,0,1,195
42,1 : 過去半年以内,20,2 : 女性,3 : 関東地方,1,Q1,1,0,200,200,0,1,0,0,0,1,196
42,1 : 過去半年以内,20,2 : 女性,3 : 関東地方,1,Q2,1,0,180,200,0,1,0,0,0,1,197
42,1 : 過去半年以内,20,2 : 女性,3 : 関東地方,1,Q3,2,0,200,170,0,1,0,0,0,1,198
42,1 : 過去半年以内,20,2 : 女性,3 : 関東地方,1,Q4,0,0,220,200,0,1,0,0,0,1,199
42,1 : 過去半年以内,20,2 : 女性,3 : 関東地方,1,Q5,1,0,190,210,0,1,0,0,0,1,200
43,1 : 過去半年以内,20,1 : 男性,3 : 関東地方,1,Q1,2,0,200,200,0,1,0,0,0,1,201
43,1 : 過去半年以内,20,1 : 男性,3 : 関東地方,1,Q2,1,0,180,200,0,1,0,0,0,1,202
43,1 : 過去半年以内,20,1 : 男性,3 : 関東地方,1,Q3,2,0,200,170,0,1,0,0,0,1,203
43,1 : 過去半年以内,20,1 : 男性,3 : 関東地方,1,Q4,2,0,220,200,0,1,0,0,0,1,204
43,1 : 過去半年以内,20,1 : 男性,3 : 関東地方,1,Q5,1,0,190,210,0,1,0,0,0,1,205
44,2 : 過去半年から１年以内,20,1 : 男性,2 : 東北地方,1,Q1,2,0,200,200,0,1,0,0,0,1,206
44,2 : 過去半年から１年以内,20,1 : 男性,2 : 東北地方,1,Q2,2,0,180,200,0,1,0,0,0,1,207
44,2 : 過去半年から１年以内,20,1 : 男性,2 : 東北地方,1,Q3,2,0,200,170,0,1,0,0,0,1,208
44,2 : 過去半年から１年以内,20,1 : 男性,2 : 東北地方,1,Q4,2,0,220,200,0,1,0,0,0,1,209
44,2 : 過去半年から１年以内,20,1 : 男性,2 : 東北地方,1,Q5,2,0,190,210,0,1,0,0,0,1,210
45,1 : 過去半年以内,20,1 : 男性,8 : 九州地方(沖縄含む),0,Q1,2,0,200,200,0,1,0,0,0,1,211
45,1 : 過去半年以内,20,1 : 男性,8 : 九州地方(沖縄含む),0,Q2,2,0,180,200,0,1,0,0,0,1,212
45,1 : 過去半年以内,20,1 : 男性,8 : 九州地方(沖縄含む),0,Q3,2,0,200,170,0,1,0,0,0,1,213
45,1 : 過去半年以内,20,1 : 男性,8 : 九州地方(沖縄含む),0,Q4,2,0,220,200,0,1,0,0,0,1,214
45,1 : 過去半年以内,20,1 : 男性,8 : 九州地方(沖縄含む),0,Q5,2,0,190,210,0,1,0,0,0,1,215
46,1 : 過去半年以内,21,1 : 男性,3 : 関東地方,1,Q1,2,0,200,200,0,1,0,0,0,1,216
46,1 : 過去半年以内,21,1 : 男性,3 : 関東地方,1,Q2,2,0,180,200,0,1,0,0,0,1,217
46,1 : 過去半年以内,21,1 : 男性,3 : 関東地方,1,Q3,2,0,200,170,0,1,0,0,0,1,218
46,1 : 過去半年以内,21,1 : 男性,3 : 関東地方,1,Q4,2,0,220,200,0,1,0,0,0,1,219
46,1 : 過去半年以内,21,1 : 男性,3 : 関東地方,1,Q5,0,0,190,210,0,1,0,0,0,1,220
47,2 : 過去半年から１年以内,20,1 : 男性,3 : 関東地方,0,Q1,1,0,200,200,0,1,0,0,0,1,221
47,2 : 過去半年から１年以内,20,1 : 男性,3 : 関東地方,0,Q2,1,0,180,200,0,1,0,0,0,1,222
47,2 : 過去半年から１年以内,20,1 : 男性,3 : 関東地方,0,Q3,0,0,200,170,0,1,0,0,0,1,223
47,2 : 過去半年から１年以内,20,1 : 男性,3 : 関東地方,0,Q4,0,0,220,200,0,1,0,0,0,1,224
47,2 : 過去半年から１年以内,20,1 : 男性,3 : 関東地方,0,Q5,1,0,190,210,0,1,0,0,0,1,225
48,3 : １年以上前,20,1 : 男性,3 : 関東地方,0,Q1,2,0,200,200,0,1,0,0,0,1,226
48,3 : １年以上前,20,1 : 男性,3 : 関東地方,0,Q2,2,0,180,200,0,1,0,0,0,1,227
48,3 : １年以上前,20,1 : 男性,3 : 関東地方,0,Q3,2,0,200,170,0,1,0,0,0,1,228
48,3 : １年以上前,20,1 : 男性,3 : 関東地方,0,Q4,2,0,220,200,0,1,0,0,0,1,229
48,3 : １年以上前,20,1 : 男性,3 : 関東地方,0,Q5,2,0,190,210,0,1,0,0,0,1,230
49,1 : 過去半年以内,21,1 : 男性,3 : 関東地方,0,Q1,0,0,200,200,0,1,0,0,0,1,231
49,1 : 過去半年以内,21,1 : 男性,3 : 関東地方,0,Q2,0,0,180,200,0,1,0,0,0,1,232
49,1 : 過去半年以内,21,1 : 男性,3 : 関東地方,0,Q3,2,0,200,170,0,1,0,0,0,1,233
49,1 : 過去半年以内,21,1 : 男性,3 : 関東地方,0,Q4,0,0,220,200,0,1,0,0,0,1,234
49,1 : 過去半年以内,21,1 : 男性,3 : 関東地方,0,Q5,0,0,190,210,0,1,0,0,0,1,235
50,2 : 過去半年から１年以内,20,1 : 男性,2 : 東北地方,0,Q1,0,0,200,200,0,1,0,0,0,1,236
50,2 : 過去半年から１年以内,20,1 : 男性,2 : 東北地方,0,Q2,0,0,180,200,0,1,0,0,0,1,237
50,2 : 過去半年から１年以内,20,1 : 男性,2 : 東北地方,0,Q3,0,0,200,170,0,1,0,0,0,1,238
50,2 : 過去半年から１年以内,20,1 : 男性,2 : 東北地方,0,Q4,0,0,220,200,0,1,0,0,0,1,239
50,2 : 過去半年から１年以内,20,1 : 男性,2 : 東北地方,0,Q5,0,0,190,210,0,1,0,0,0,1,240
51,2 : 過去半年から１年以内,20,1 : 男性,3 : 関東地方,1,Q1,2,0,200,200,0,1,0,0,0,1,241
51,2 : 過去半年から１年以内,20,1 : 男性,3 : 関東地方,1,Q2,2,0,180,200,0,1,0,0,0,1,242
51,2 : 過去半年から１年以内,20,1 : 男性,3 : 関東地方,1,Q3,2,0,200,170,0,1,0,0,0,1,243
51,2 : 過去半年から１年以内,20,1 : 男性,3 : 関東地方,1,Q4,2,0,220,200,0,1,0,0,0,1,244
51,2 : 過去半年から１年以内,20,1 : 男性,3 : 関東地方,1,Q5,0,0,190,210,0,1,0,0,0,1,245
52,1 : 過去半年以内,21,1 : 男性,5 : 近畿地方,1,Q1,2,0,200,200,0,1,0,0,0,1,246
52,1 : 過去半年以内,21,1 : 男性,5 : 近畿地方,1,Q2,0,0,180,200,0,1,0,0,0,1,247
52,1 : 過去半年以内,21,1 : 男性,5 : 近畿地方,1,Q3,2,0,200,170,0,1,0,0,0,1,248
52,1 : 過去半年以内,21,1 : 男性,5 : 近畿地方,1,Q4,0,0,220,200,0,1,0,0,0,1,249
52,1 : 過去半年以内,21,1 : 男性,5 : 近畿地方,1,Q5,0,0,190,210,0,1,0,0,0,1,250
53,1 : 過去半年以内,20,1 : 男性,4 : 中部地方,1,Q1,2,0,200,200,0,1,0,0,0,1,251
53,1 : 過去半年以内,20,1 : 男性,4 : 中部地方,1,Q2,1,0,180,200,0,1,0,0,0,1,252
53,1 : 過去半年以内,20,1 : 男性,4 : 中部地方,1,Q3,2,0,200,170,0,1,0,0,0,1,253
53,1 : 過去半年以内,20,1 : 男性,4 : 中部地方,1,Q4,2,0,220,200,0,1,0,0,0,1,254
53,1 : 過去半年以内,20,1 : 男性,4 : 中部地方,1,Q5,1,0,190,210,0,1,0,0,0,1,255
54,2 : 過去半年から１年以内,20,2 : 女性,3 : 関東地方,1,Q1,2,0,200,200,0,1,0,0,0,1,256
54,2 : 過去半年から１年以内,20,2 : 女性,3 : 関東地方,1,Q2,2,0,180,200,0,1,0,0,0,1,257
54,2 : 過去半年から１年以内,20,2 : 女性,3 : 関東地方,1,Q3,2,0,200,170,0,1,0,0,0,1,258
54,2 : 過去半年から１年以内,20,2 : 女性,3 : 関東地方,1,Q4,2,0,220,200,0,1,0,0,0,1,259
54,2 : 過去半年から１年以内,20,2 : 女性,3 : 関東地方,1,Q5,2,0,190,210,0,1,0,0,0,1,260
55,1 : 過去半年以内,20,1 : 男性,3 : 関東地方,1,Q1,2,0,200,200,0,1,0,0,0,1,261
55,1 : 過去半年以内,20,1 : 男性,3 : 関東地方,1,Q2,1,0,180,200,0,1,0,0,0,1,262
55,1 : 過去半年以内,20,1 : 男性,3 : 関東地方,1,Q3,2,0,200,170,0,1,0,0,0,1,263
55,1 : 過去半年以内,20,1 : 男性,3 : 関東地方,1,Q4,2,0,220,200,0,1,0,0,0,1,264
55,1 : 過去半年以内,20,1 : 男性,3 : 関東地方,1,Q5,2,0,190,210,0,1,0,0,0,1,265
56,2 : 過去半年から１年以内,20,1 : 男性,3 : 関東地方,0,Q1,0,0,200,200,0,1,0,0,0,1,266
56,2 : 過去半年から１年以内,20,1 : 男性,3 : 関東地方,0,Q2,0,0,180,200,0,1,0,0,0,1,267
56,2 : 過去半年から１年以内,20,1 : 男性,3 : 関東地方,0,Q3,2,0,200,170,0,1,0,0,0,1,268
56,2 : 過去半年から１年以内,20,1 : 男性,3 : 関東地方,0,Q4,0,0,220,200,0,1,0,0,0,1,269
56,2 : 過去半年から１年以内,20,1 : 男性,3 : 関東地方,0,Q5,0,0,190,210,0,1,0,0,0,1,270
57,3 : １年以上前,20,1 : 男性,3 : 関東地方,1,Q1,1,0,200,200,0,1,0,0,0,1,271
57,3 : １年以上前,20,1 : 男性,3 : 関東地方,1,Q2,1,0,180,200,0,1,0,0,0,1,272
57,3 : １年以上前,20,1 : 男性,3 : 関東地方,1,Q3,2,0,200,170,0,1,0,0,0,1,273
57,3 : １年以上前,20,1 : 男性,3 : 関東地方,1,Q4,2,0,220,200,0,1,0,0,0,1,274
57,3 : １年以上前,20,1 : 男性,3 : 関東地方,1,Q5,1,0,190,210,0,1,0,0,0,1,275
58,1 : 過去半年以内,20,1 : 男性,6 : 中国地方,0,Q1,1,0,200,200,0,1,0,0,0,1,276
58,1 : 過去半年以内,20,1 : 男性,6 : 中国地方,0,Q2,1,0,180,200,0,1,0,0,0,1,277
58,1 : 過去半年以内,20,1 : 男性,6 : 中国地方,0,Q3,2,0,200,170,0,1,0,0,0,1,278
58,1 : 過去半年以内,20,1 : 男性,6 : 中国地方,0,Q4,2,0,220,200,0,1,0,0,0,1,279
58,1 : 過去半年以内,20,1 : 男性,6 : 中国地方,0,Q5,1,0,190,210,0,1,0,0,0,1,280
59,1 : 過去半年以内,20,1 : 男性,3 : 関東地方,1,Q1,2,0,200,200,0,1,0,0,0,1,281
59,1 : 過去半年以内,20,1 : 男性,3 : 関東地方,1,Q2,2,0,180,200,0,1,0,0,0,1,282
59,1 : 過去半年以内,20,1 : 男性,3 : 関東地方,1,Q3,2,0,200,170,0,1,0,0,0,1,283
59,1 : 過去半年以内,20,1 : 男性,3 : 関東地方,1,Q4,2,0,220,200,0,1,0,0,0,1,284
59,1 : 過去半年以内,20,1 : 男性,3 : 関東地方,1,Q5,2,0,190,210,0,1,0,0,0,1,285
60,3 : １年以上前,20,2 : 女性,3 : 関東地方,1,Q1,2,0,200,200,0,1,0,0,0,1,286
60,3 : １年以上前,20,2 : 女性,3 : 関東地方,1,Q2,1,0,180,200,0,1,0,0,0,1,287
60,3 : １年以上前,20,2 : 女性,3 : 関東地方,1,Q3,2,0,200,170,0,1,0,0,0,1,288
60,3 : １年以上前,20,2 : 女性,3 : 関東地方,1,Q4,2,0,220,200,0,1,0,0,0,1,289
60,3 : １年以上前,20,2 : 女性,3 : 関東地方,1,Q5,0,0,190,210,0,1,0,0,0,1,290
61,1 : 過去半年以内,20,2 : 女性,3 : 関東地方,1,Q1,2,0,200,200,0,1,0,0,0,1,291
61,1 : 過去半年以内,20,2 : 女性,3 : 関東地方,1,Q2,1,0,180,200,0,1,0,0,0,1,292
61,1 : 過去半年以内,20,2 : 女性,3 : 関東地方,1,Q3,2,0,200,170,0,1,0,0,0,1,293
61,1 : 過去半年以内,20,2 : 女性,3 : 関東地方,1,Q4,2,0,220,200,0,1,0,0,0,1,294
61,1 : 過去半年以内,20,2 : 女性,3 : 関東地方,1,Q5,1,0,190,210,0,1,0,0,0,1,295
63,1 : 過去半年以内,22,2 : 女性,9 : 海外,0,Q1,2,0,200,200,0,1,0,0,0,1,296
63,1 : 過去半年以内,22,2 : 女性,9 : 海外,0,Q2,2,0,180,200,0,1,0,0,0,1,297
63,1 : 過去半年以内,22,2 : 女性,9 : 海外,0,Q3,2,0,200,170,0,1,0,0,0,1,298
63,1 : 過去半年以内,22,2 : 女性,9 : 海外,0,Q4,2,0,220,200,0,1,0,0,0,1,299
63,1 : 過去半年以内,22,2 : 女性,9 : 海外,0,Q5,2,0,190,210,0,1,0,0,0,1,300
64,1 : 過去半年以内,21,1 : 男性,3 : 関東地方,1,Q1,2,0,200,200,0,1,0,0,0,1,301
64,1 : 過去半年以内,21,1 : 男性,3 : 関東地方,1,Q2,2,0,180,200,0,1,0,0,0,1,302
64,1 : 過去半年以内,21,1 : 男性,3 : 関東地方,1,Q3,2,0,200,170,0,1,0,0,0,1,303
64,1 : 過去半年以内,21,1 : 男性,3 : 関東地方,1,Q4,2,0,220,200,0,1,0,0,0,1,304
64,1 : 過去半年以内,21,1 : 男性,3 : 関東地方,1,Q5,2,0,190,210,0,1,0,0,0,1,305
65,1 : 過去半年以内,22,1 : 男性,7 : 四国地方,1,Q1,2,0,200,200,0,1,0,0,0,1,306
65,1 : 過去半年以内,22,1 : 男性,7 : 四国地方,1,Q2,1,0,180,200,0,1,0,0,0,1,307
65,1 : 過去半年以内,22,1 : 男性,7 : 四国地方,1,Q3,2,0,200,170,0,1,0,0,0,1,308
65,1 : 過去半年以内,22,1 : 男性,7 : 四国地方,1,Q4,1,0,220,200,0,1,0,0,0,1,309
65,1 : 過去半年以内,22,1 : 男性,7 : 四国地方,1,Q5,2,0,190,210,0,1,0,0,0,1,310
66,3 : １年以上前,20,1 : 男性,3 : 関東地方,0,Q1,0,0,200,200,0,1,0,0,0,1,311
66,3 : １年以上前,20,1 : 男性,3 : 関東地方,0,Q2,0,0,180,200,0,1,0,0,0,1,312
66,3 : １年以上前,20,1 : 男性,3 : 関東地方,0,Q3,0,0,200,170,0,1,0,0,0,1,313
66,3 : １年以上前,20,1 : 男性,3 : 関東地方,0,Q4,0,0,220,200,0,1,0,0,0,1,314
66,3 : １年以上前,20,1 : 男性,3 : 関東地方,0,Q5,0,0,190,210,0,1,0,0,0,1,315
67,1 : 過去半年以内,20,2 : 女性,3 : 関東地方,1,Q1,2,0,200,200,0,1,0,0,0,1,316
67,1 : 過去半年以内,20,2 : 女性,3 : 関東地方,1,Q2,2,0,180,200,0,1,0,0,0,1,317
67,1 : 過去半年以内,20,2 : 女性,3 : 関東地方,1,Q3,2,0,200,170,0,1,0,0,0,1,318
67,1 : 過去半年以内,20,2 : 女性,3 : 関東地方,1,Q4,2,0,220,200,0,1,0,0,0,1,319
67,1 : 過去半年以内,20,2 : 女性,3 : 関東地方,1,Q5,2,0,190,210,0,1,0,0,0,1,320
68,1 : 過去半年以内,20,2 : 女性,3 : 関東地方,1,Q1,1,0,200,200,0,1,0,0,0,1,321
68,1 : 過去半年以内,20,2 : 女性,3 : 関東地方,1,Q2,1,0,180,200,0,1,0,0,0,1,322
68,1 : 過去半年以内,20,2 : 女性,3 : 関東地方,1,Q3,2,0,200,170,0,1,0,0,0,1,323
68,1 : 過去半年以内,20,2 : 女性,3 : 関東地方,1,Q4,2,0,220,200,0,1,0,0,0,1,324
68,1 : 過去半年以内,20,2 : 女性,3 : 関東地方,1,Q5,1,0,190,210,0,1,0,0,0,1,325
69,2 : 過去半年から１年以内,20,1 : 男性,3 : 関東地方,1,Q1,1,0,200,200,0,1,0,0,0,1,326
69,2 : 過去半年から１年以内,20,1 : 男性,3 : 関東地方,1,Q2,1,0,180,200,0,1,0,0,0,1,327
69,2 : 過去半年から１年以内,20,1 : 男性,3 : 関東地方,1,Q3,2,0,200,170,0,1,0,0,0,1,328
69,2 : 過去半年から１年以内,20,1 : 男性,3 : 関東地方,1,Q4,2,0,220,200,0,1,0,0,0,1,329
69,2 : 過去半年から１年以内,20,1 : 男性,3 : 関東地方,1,Q5,1,0,190,210,0,1,0,0,0,1,330
70,1 : 過去半年以内,21,1 : 男性,3 : 関東地方,1,Q1,2,0,200,200,0,1,0,0,0,1,331
70,1 : 過去半年以内,21,1 : 男性,3 : 関東地方,1,Q2,1,0,180,200,0,1,0,0,0,1,332
70,1 : 過去半年以内,21,1 : 男性,3 : 関東地方,1,Q3,2,0,200,170,0,1,0,0,0,1,333
70,1 : 過去半年以内,21,1 : 男性,3 : 関東地方,1,Q4,2,0,220,200,0,1,0,0,0,1,334
70,1 : 過去半年以内,21,1 : 男性,3 : 関東地方,1,Q5,1,0,190,210,0,1,0,0,0,1,335
71,1 : 過去半年以内,20,1 : 男性,4 : 中部地方,1,Q1,1,0,200,200,0,1,0,0,0,1,336
71,1 : 過去半年以内,20,1 : 男性,4 : 中部地方,1,Q2,1,0,180,200,0,1,0,0,0,1,337
71,1 : 過去半年以内,20,1 : 男性,4 : 中部地方,1,Q3,0,0,200,170,0,1,0,0,0,1,338
71,1 : 過去半年以内,20,1 : 男性,4 : 中部地方,1,Q4,0,0,220,200,0,1,0,0,0,1,339
71,1 : 過去半年以内,20,1 : 男性,4 : 中部地方,1,Q5,1,0,190,210,0,1,0,0,0,1,340
72,1 : 過去半年以内,20,2 : 女性,9 : 海外,1,Q1,0,0,200,200,0,1,0,0,0,1,341
72,1 : 過去半年以内,20,2 : 女性,9 : 海外,1,Q2,1,0,180,200,0,1,0,0,0,1,342
72,1 : 過去半年以内,20,2 : 女性,9 : 海外,1,Q3,2,0,200,170,0,1,0,0,0,1,343
72,1 : 過去半年以内,20,2 : 女性,9 : 海外,1,Q4,0,0,220,200,0,1,0,0,0,1,344
72,1 : 過去半年以内,20,2 : 女性,9 : 海外,1,Q5,0,0,190,210,0,1,0,0,0,1,345
73,1 : 過去半年以内,20,2 : 女性,3 : 関東地方,1,Q1,2,0,200,200,0,1,0,0,0,1,346
73,1 : 過去半年以内,20,2 : 女性,3 : 関東地方,1,Q2,1,0,180,200,0,1,0,0,0,1,347
73,1 : 過去半年以内,20,2 : 女性,3 : 関東地方,1,Q3,2,0,200,170,0,1,0,0,0,1,348
73,1 : 過去半年以内,20,2 : 女性,3 : 関東地方,1,Q4,2,0,220,200,0,1,0,0,0,1,349
73,1 : 過去半年以内,20,2 : 女性,3 : 関東地方,1,Q5,1,0,190,210,0,1,0,0,0,1,350
74,1 : 過去半年以内,21,1 : 男性,4 : 中部地方,0,Q1,1,0,200,200,0,1,0,0,0,1,351
74,1 : 過去半年以内,21,1 : 男性,4 : 中部地方,0,Q2,1,0,180,200,0,1,0,0,0,1,352
74,1 : 過去半年以内,21,1 : 男性,4 : 中部地方,0,Q3,0,0,200,170,0,1,0,0,0,1,353
74,1 : 過去半年以内,21,1 : 男性,4 : 中部地方,0,Q4,0,0,220,200,0,1,0,0,0,1,354
74,1 : 過去半年以内,21,1 : 男性,4 : 中部地方,0,Q5,1,0,190,210,0,1,0,0,0,1,355
75,3 : １年以上前,20,1 : 男性,3 : 関東地方,1,Q1,2,0,200,200,0,1,0,0,0,1,356
75,3 : １年以上前,20,1 : 男性,3 : 関東地方,1,Q2,2,0,180,200,0,1,0,0,0,1,357
75,3 : １年以上前,20,1 : 男性,3 : 関東地方,1,Q3,2,0,200,170,0,1,0,0,0,1,358
75,3 : １年以上前,20,1 : 男性,3 : 関東地方,1,Q4,2,0,220,200,0,1,0,0,0,1,359
75,3 : １年以上前,20,1 : 男性,3 : 関東地方,1,Q5,2,0,190,210,0,1,0,0,0,1,360
76,1 : 過去半年以内,20,1 : 男性,8 : 九州地方(沖縄含む),0,Q1,1,0,200,200,0,1,0,0,0,1,361
76,1 : 過去半年以内,20,1 : 男性,8 : 九州地方(沖縄含む),0,Q2,1,0,180,200,0,1,0,0,0,1,362
76,1 : 過去半年以内,20,1 : 男性,8 : 九州地方(沖縄含む),0,Q3,2,0,200,170,0,1,0,0,0,1,363
76,1 : 過去半年以内,20,1 : 男性,8 : 九州地方(沖縄含む),0,Q4,2,0,220,200,0,1,0,0,0,1,364
76,1 : 過去半年以内,20,1 : 男性,8 : 九州地方(沖縄含む),0,Q5,1,0,190,210,0,1,0,0,0,1,365
77,2 : 過去半年から１年以内,20,1 : 男性,3 : 関東地方,1,Q1,2,0,200,200,0,1,0,0,0,1,366
77,2 : 過去半年から１年以内,20,1 : 男性,3 : 関東地方,1,Q2,2,0,180,200,0,1,0,0,0,1,367
77,2 : 過去半年から１年以内,20,1 : 男性,3 : 関東地方,1,Q3,2,0,200,170,0,1,0,0,0,1,368
77,2 : 過去半年から１年以内,20,1 : 男性,3 : 関東地方,1,Q4,2,0,220,200,0,1,0,0,0,1,369
77,2 : 過去半年から１年以内,20,1 : 男性,3 : 関東地方,1,Q5,2,0,190,210,0,1,0,0,0,1,370
78,1 : 過去半年以内,21,2 : 女性,8 : 九州地方(沖縄含む),0,Q1,2,0,200,200,0,1,0,0,0,1,371
78,1 : 過去半年以内,21,2 : 女性,8 : 九州地方(沖縄含む),0,Q2,2,0,180,200,0,1,0,0,0,1,372
78,1 : 過去半年以内,21,2 : 女性,8 : 九州地方(沖縄含む),0,Q3,2,0,200,170,0,1,0,0,0,1,373
78,1 : 過去半年以内,21,2 : 女性,8 : 九州地方(沖縄含む),0,Q4,2,0,220,200,0,1,0,0,0,1,374
78,1 : 過去半年以内,21,2 : 女性,8 : 九州地方(沖縄含む),0,Q5,2,0,190,210,0,1,0,0,0,1,375
79,1 : 過去半年以内,20,2 : 女性,3 : 関東地方,1,Q1,0,0,200,200,0,1,0,0,0,1,376
79,1 : 過去半年以内,20,2 : 女性,3 : 関東地方,1,Q2,0,0,180,200,0,1,0,0,0,1,377
79,1 : 過去半年以内,20,2 : 女性,3 : 関東地方,1,Q3,0,0,200,170,0,1,0,0,0,1,378
79,1 : 過去半年以内,20,2 : 女性,3 : 関東地方,1,Q4,0,0,220,200,0,1,0,0,0,1,379
79,1 : 過去半年以内,20,2 : 女性,3 : 関東地方,1,Q5,0,0,190,210,0,1,0,0,0,1,380
80,3 : １年以上前,20,1 : 男性,3 : 関東地方,1,Q1,1,0,200,200,0,1,0,0,0,1,381
80,3 : １年以上前,20,1 : 男性,3 : 関東地方,1,Q2,1,0,180,200,0,1,0,0,0,1,382
80,3 : １年以上前,20,1 : 男性,3 : 関東地方,1,Q3,1,0,200,170,0,1,0,0,0,1,383
80,3 : １年以上前,20,1 : 男性,3 : 関東地方,1,Q4,1,0,220,200,0,1,0,0,0,1,384
80,3 : １年以上前,20,1 : 男性,3 : 関東地方,1,Q5,1,0,190,210,0,1,0,0,0,1,385
81,3 : １年以上前,20,2 : 女性,2 : 東北地方,0,Q1,2,0,200,200,0,1,0,0,0,1,386
81,3 : １年以上前,20,2 : 女性,2 : 東北地方,0,Q2,1,0,180,200,0,1,0,0,0,1,387
81,3 : １年以上前,20,2 : 女性,2 : 東北地方,0,Q3,2,0,200,170,0,1,0,0,0,1,388
81,3 : １年以上前,20,2 : 女性,2 : 東北地方,0,Q4,2,0,220,200,0,1,0,0,0,1,389
81,3 : １年以上前,20,2 : 女性,2 : 東北地方,0,Q5,1,0,190,210,0,1,0,0,0,1,390
82,1 : 過去半年以内,20,2 : 女性,3 : 関東地方,1,Q1,1,0,200,200,0,1,0,0,0,1,391
82,1 : 過去半年以内,20,2 : 女性,3 : 関東地方,1,Q2,2,0,180,200,0,1,0,0,0,1,392
82,1 : 過去半年以内,20,2 : 女性,3 : 関東地方,1,Q3,2,0,200,170,0,1,0,0,0,1,393
82,1 : 過去半年以内,20,2 : 女性,3 : 関東地方,1,Q4,2,0,220,200,0,1,0,0,0,1,394
82,1 : 過去半年以内,20,2 : 女性,3 : 関東地方,1,Q5,1,0,190,210,0,1,0,0,0,1,395
83,1 : 過去半年以内,20,2 : 女性,3 : 関東地方,1,Q1,2,0,200,200,0,1,0,0,0,1,396
83,1 : 過去半年以内,20,2 : 女性,3 : 関東地方,1,Q2,2,0,180,200,0,1,0,0,0,1,397
83,1 : 過去半年以内,20,2 : 女性,3 : 関東地方,1,Q3,2,0,200,170,0,1,0,0,0,1,398
83,1 : 過去半年以内,20,2 : 女性,3 : 関東地方,1,Q4,2,0,220,200,0,1,0,0,0,1,399
83,1 : 過去半年以内,20,2 : 女性,3 : 関東地方,1,Q5,2,0,190,210,0,1,0,0,0,1,400
84,3 : １年以上前,21,1 : 男性,4 : 中部地方,0,Q1,0,0,200,200,0,1,0,0,0,1,401
84,3 : １年以上前,21,1 : 男性,4 : 中部地方,0,Q2,1,0,180,200,0,1,0,0,0,1,402
84,3 : １年以上前,21,1 : 男性,4 : 中部地方,0,Q3,2,0,200,170,0,1,0,0,0,1,403
84,3 : １年以上前,21,1 : 男性,4 : 中部地方,0,Q4,0,0,220,200,0,1,0,0,0,1,404
84,3 : １年以上前,21,1 : 男性,4 : 中部地方,0,Q5,1,0,190,210,0,1,0,0,0,1,405
85,1 : 過去半年以内,20,2 : 女性,5 : 近畿地方,0,Q1,1,0,200,200,0,1,0,0,0,1,406
85,1 : 過去半年以内,20,2 : 女性,5 : 近畿地方,0,Q2,1,0,180,200,0,1,0,0,0,1,407
85,1 : 過去半年以内,20,2 : 女性,5 : 近畿地方,0,Q3,2,0,200,170,0,1,0,0,0,1,408
85,1 : 過去半年以内,20,2 : 女性,5 : 近畿地方,0,Q4,2,0,220,200,0,1,0,0,0,1,409
85,1 : 過去半年以内,20,2 : 女性,5 : 近畿地方,0,Q5,1,0,190,210,0,1,0,0,0,1,410
86,2 : 過去半年から１年以内,20,1 : 男性,3 : 関東地方,1,Q1,1,0,200,200,0,1,0,0,0,1,411
86,2 : 過去半年から１年以内,20,1 : 男性,3 : 関東地方,1,Q2,1,0,180,200,0,1,0,0,0,1,412
86,2 : 過去半年から１年以内,20,1 : 男性,3 : 関東地方,1,Q3,2,0,200,170,0,1,0,0,0,1,413
86,2 : 過去半年から１年以内,20,1 : 男性,3 : 関東地方,1,Q4,2,0,220,200,0,1,0,0,0,1,414
86,2 : 過去半年から１年以内,20,1 : 男性,3 : 関東地方,1,Q5,1,0,190,210,0,1,0,0,0,1,415
87,1 : 過去半年以内,20,2 : 女性,3 : 関東地方,1,Q1,2,0,200,200,0,1,0,0,0,1,416
87,1 : 過去半年以内,20,2 : 女性,3 : 関東地方,1,Q2,2,0,180,200,0,1,0,0,0,1,417
87,1 : 過去半年以内,20,2 : 女性,3 : 関東地方,1,Q3,2,0,200,170,0,1,0,0,0,1,418
87,1 : 過去半年以内,20,2 : 女性,3 : 関東地方,1,Q4,2,0,220,200,0,1,0,0,0,1,419
87,1 : 過去半年以内,20,2 : 女性,3 : 関東地方,1,Q5,1,0,190,210,0,1,0,0,0,1,420
88,1 : 過去半年以内,21,1 : 男性,8 : 九州地方(沖縄含む),0,Q1,2,0,200,200,0,1,0,0,0,1,421
88,1 : 過去半年以内,21,1 : 男性,8 : 九州地方(沖縄含む),0,Q2,2,0,180,200,0,1,0,0,0,1,422
88,1 : 過去半年以内,21,1 : 男性,8 : 九州地方(沖縄含む),0,Q3,2,0,200,170,0,1,0,0,0,1,423
88,1 : 過去半年以内,21,1 : 男性,8 : 九州地方(沖縄含む),0,Q4,2,0,220,200,0,1,0,0,0,1,424
88,1 : 過去半年以内,21,1 : 男性,8 : 九州地方(沖縄含む),0,Q5,2,0,190,210,0,1,0,0,0,1,425
89,1 : 過去半年以内,20,1 : 男性,3 : 関東地方,1,Q1,1,0,200,200,0,1,0,0,0,1,426
89,1 : 過去半年以内,20,1 : 男性,3 : 関東地方,1,Q2,1,0,180,200,0,1,0,0,0,1,427
89,1 : 過去半年以内,20,1 : 男性,3 : 関東地方,1,Q3,2,0,200,170,0,1,0,0,0,1,428
89,1 : 過去半年以内,20,1 : 男性,3 : 関東地方,1,Q4,1,0,220,200,0,1,0,0,0,1,429
89,1 : 過去半年以内,20,1 : 男性,3 : 関東地方,1,Q5,1,0,190,210,0,1,0,0,0,1,430
90,1 : 過去半年以内,20,2 : 女性,3 : 関東地方,1,Q1,1,0,200,200,0,1,0,0,0,1,431
90,1 : 過去半年以内,20,2 : 女性,3 : 関東地方,1,Q2,1,0,180,200,0,1,0,0,0,1,432
90,1 : 過去半年以内,20,2 : 女性,3 : 関東地方,1,Q3,0,0,200,170,0,1,0,0,0,1,433
90,1 : 過去半年以内,20,2 : 女性,3 : 関東地方,1,Q4,0,0,220,200,0,1,0,0,0,1,434
90,1 : 過去半年以内,20,2 : 女性,3 : 関東地方,1,Q5,1,0,190,210,0,1,0,0,0,1,435
91,2 : 過去半年から１年以内,20,2 : 女性,3 : 関東地方,1,Q1,0,0,200,200,0,1,0,0,0,1,436
91,2 : 過去半年から１年以内,20,2 : 女性,3 : 関東地方,1,Q2,0,0,180,200,0,1,0,0,0,1,437
91,2 : 過去半年から１年以内,20,2 : 女性,3 : 関東地方,1,Q3,2,0,200,170,0,1,0,0,0,1,438
91,2 : 過去半年から１年以内,20,2 : 女性,3 : 関東地方,1,Q4,0,0,220,200,0,1,0,0,0,1,439
91,2 : 過去半年から１年以内,20,2 : 女性,3 : 関東地方,1,Q5,0,0,190,210,0,1,0,0,0,1,440
92,3 : １年以上前,20,1 : 男性,3 : 関東地方,1,Q1,1,0,200,200,0,1,0,0,0,1,441
92,3 : １年以上前,20,1 : 男性,3 : 関東地方,1,Q2,1,0,180,200,0,1,0,0,0,1,442
92,3 : １年以上前,20,1 : 男性,3 : 関東地方,1,Q3,2,0,200,170,0,1,0,0,0,1,443
92,3 : １年以上前,20,1 : 男性,3 : 関東地方,1,Q4,2,0,220,200,0,1,0,0,0,1,444
92,3 : １年以上前,20,1 : 男性,3 : 関東地方,1,Q5,2,0,190,210,0,1,0,0,0,1,445
93,1 : 過去半年以内,21,1 : 男性,3 : 関東地方,1,Q1,2,0,200,200,0,1,0,0,0,1,446
93,1 : 過去半年以内,21,1 : 男性,3 : 関東地方,1,Q2,1,0,180,200,0,1,0,0,0,1,447
93,1 : 過去半年以内,21,1 : 男性,3 : 関東地方,1,Q3,2,0,200,170,0,1,0,0,0,1,448
93,1 : 過去半年以内,21,1 : 男性,3 : 関東地方,1,Q4,2,0,220,200,0,1,0,0,0,1,449
93,1 : 過去半年以内,21,1 : 男性,3 : 関東地方,1,Q5,1,0,190,210,0,1,0,0,0,1,450
94,3 : １年以上前,21,2 : 女性,9 : 海外,0,Q1,1,0,200,200,0,1,0,0,0,1,451
94,3 : １年以上前,21,2 : 女性,9 : 海外,0,Q2,1,0,180,200,0,1,0,0,0,1,452
94,3 : １年以上前,21,2 : 女性,9 : 海外,0,Q3,2,0,200,170,0,1,0,0,0,1,453
94,3 : １年以上前,21,2 : 女性,9 : 海外,0,Q4,1,0,220,200,0,1,0,0,0,1,454
94,3 : １年以上前,21,2 : 女性,9 : 海外,0,Q5,1,0,190,210,0,1,0,0,0,1,455
95,3 : １年以上前,20,1 : 男性,3 : 関東地方,1,Q1,0,0,200,200,0,1,0,0,0,1,456
95,3 : １年以上前,20,1 : 男性,3 : 関東地方,1,Q2,0,0,180,200,0,1,0,0,0,1,457
95,3 : １年以上前,20,1 : 男性,3 : 関東地方,1,Q3,0,0,200,170,0,1,0,0,0,1,458
95,3 : １年以上前,20,1 : 男性,3 : 関東地方,1,Q4,0,0,220,200,0,1,0,0,0,1,459
95,3 : １年以上前,20,1 : 男性,3 : 関東地方,1,Q5,0,0,190,210,0,1,0,0,0,1,460
96,1 : 過去半年以内,20,1 : 男性,3 : 関東地方,1,Q1,0,0,200,200,0,1,0,0,0,1,461
96,1 : 過去半年以内,20,1 : 男性,3 : 関東地方,1,Q2,0,0,180,200,0,1,0,0,0,1,462
96,1 : 過去半年以内,20,1 : 男性,3 : 関東地方,1,Q3,2,0,200,170,0,1,0,0,0,1,463
96,1 : 過去半年以内,20,1 : 男性,3 : 関東地方,1,Q4,0,0,220,200,0,1,0,0,0,1,464
96,1 : 過去半年以内,20,1 : 男性,3 : 関東地方,1,Q5,0,0,190,210,0,1,0,0,0,1,465
97,1 : 過去半年以内,20,2 : 女性,3 : 関東地方,1,Q1,1,0,200,200,0,1,0,0,0,1,466
97,1 : 過去半年以内,20,2 : 女性,3 : 関東地方,1,Q2,1,0,180,200,0,1,0,0,0,1,467
97,1 : 過去半年以内,20,2 : 女性,3 : 関東地方,1,Q3,1,0,200,170,0,1,0,0,0,1,468
97,1 : 過去半年以内,20,2 : 女性,3 : 関東地方,1,Q4,1,0,220,200,0,1,0,0,0,1,469
97,1 : 過去半年以内,20,2 : 女性,3 : 関東地方,1,Q5,1,0,190,210,0,1,0,0,0,1,470
98,1 : 過去半年以内,20,1 : 男性,3 : 関東地方,1,Q1,2,0,200,200,0,1,0,0,0,1,471
98,1 : 過去半年以内,20,1 : 男性,3 : 関東地方,1,Q2,2,0,180,200,0,1,0,0,0,1,472
98,1 : 過去半年以内,20,1 : 男性,3 : 関東地方,1,Q3,2,0,200,170,0,1,0,0,0,1,473
98,1 : 過去半年以内,20,1 : 男性,3 : 関東地方,1,Q4,2,0,220,200,0,1,0,0,0,1,474
98,1 : 過去半年以内,20,1 : 男性,3 : 関東地方,1,Q5,2,0,190,210,0,1,0,0,0,1,475
99,3 : １年以上前,20,1 : 男性,3 : 関東地方,1,Q1,2,0,200,200,0,1,0,0,0,1,476
99,3 : １年以上前,20,1 : 男性,3 : 関東地方,1,Q2,2,0,180,200,0,1,0,0,0,1,477
99,3 : １年以上前,20,1 : 男性,3 : 関東地方,1,Q3,2,0,200,170,0,1,0,0,0,1,478
99,3 : １年以上前,20,1 : 男性,3 : 関東地方,1,Q4,2,0,220,200,0,1,0,0,0,1,479
99,3 : １年以上前,20,1 : 男性,3 : 関東地方,1,Q5,2,0,190,210,0,1,0,0,0,1,480
100,3 : １年以上前,21,2 : 女性,9 : 海外,0,Q1,2,0,200,200,0,1,0,0,0,1,481
100,3 : １年以上前,21,2 : 女性,9 : 海外,0,Q2,1,0,180,200,0,1,0,0,0,1,482
100,3 : １年以上前,21,2 : 女性,9 : 海外,0,Q3,2,0,200,170,0,1,0,0,0,1,483
100,3 : １年以上前,21,2 : 女性,9 : 海外,0,Q4,2,0,220,200,0,1,0,0,0,1,484
100,3 : １年以上前,21,2 : 女性,9 : 海外,0,Q5,1,0,190,210,0,1,0,0,0,1,485
101,1 : 過去半年以内,20,1 : 男性,3 : 関東地方,0,Q1,2,0,200,200,0,1,0,0,0,1,486
101,1 : 過去半年以内,20,1 : 男性,3 : 関東地方,0,Q2,2,0,180,200,0,1,0,0,0,1,487
101,1 : 過去半年以内,20,1 : 男性,3 : 関東地方,0,Q3,2,0,200,170,0,1,0,0,0,1,488
101,1 : 過去半年以内,20,1 : 男性,3 : 関東地方,0,Q4,2,0,220,200,0,1,0,0,0,1,489
101,1 : 過去半年以内,20,1 : 男性,3 : 関東地方,0,Q5,2,0,190,210,0,1,0,0,0,1,490
102,1 : 過去半年以内,19,1 : 男性,3 : 関東地方,1,Q1,1,0,200,200,0,1,0,0,0,1,491
102,1 : 過去半年以内,19,1 : 男性,3 : 関東地方,1,Q2,1,0,180,200,0,1,0,0,0,1,492
102,1 : 過去半年以内,19,1 : 男性,3 : 関東地方,1,Q3,1,0,200,170,0,1,0,0,0,1,493
102,1 : 過去半年以内,19,1 : 男性,3 : 関東地方,1,Q4,0,0,220,200,0,1,0,0,0,1,494
102,1 : 過去半年以内,19,1 : 男性,3 : 関東地方,1,Q5,1,0,190,210,0,1,0,0,0,1,495
103,1 : 過去半年以内,19,1 : 男性,4 : 中部地方,0,Q1,1,0,200,200,0,1,0,0,0,1,496
103,1 : 過去半年以内,19,1 : 男性,4 : 中部地方,0,Q2,1,0,180,200,0,1,0,0,0,1,497
103,1 : 過去半年以内,19,1 : 男性,4 : 中部地方,0,Q3,1,0,200,170,0,1,0,0,0,1,498
103,1 : 過去半年以内,19,1 : 男性,4 : 中部地方,0,Q4,1,0,220,200,0,1,0,0,0,1,499
103,1 : 過去半年以内,19,1 : 男性,4 : 中部地方,0,Q5,1,0,190,210,0,1,0,0,0,1,500
104,2 : 過去半年から１年以内,19,1 : 男性,4 : 中部地方,0,Q1,2,0,200,200,0,1,0,0,0,1,501
104,2 : 過去半年から１年以内,19,1 : 男性,4 : 中部地方,0,Q2,1,0,180,200,0,1,0,0,0,1,502
104,2 : 過去半年から１年以内,19,1 : 男性,4 : 中部地方,0,Q3,2,0,200,170,0,1,0,0,0,1,503
104,2 : 過去半年から１年以内,19,1 : 男性,4 : 中部地方,0,Q4,2,0,220,200,0,1,0,0,0,1,504
104,2 : 過去半年から１年以内,19,1 : 男性,4 : 中部地方,0,Q5,0,0,190,210,0,1,0,0,0,1,505
105,1 : 過去半年以内,19,2 : 女性,9 : 海外,1,Q1,2,0,200,200,0,1,0,0,0,1,506
105,1 : 過去半年以内,19,2 : 女性,9 : 海外,1,Q2,1,0,180,200,0,1,0,0,0,1,507
105,1 : 過去半年以内,19,2 : 女性,9 : 海外,1,Q3,2,0,200,170,0,1,0,0,0,1,508
105,1 : 過去半年以内,19,2 : 女性,9 : 海外,1,Q4,0,0,220,200,0,1,0,0,0,1,509
105,1 : 過去半年以内,19,2 : 女性,9 : 海外,1,Q5,1,0,190,210,0,1,0,0,0,1,510
106,1 : 過去半年以内,20,1 : 男性,3 : 関東地方,1,Q1,2,0,200,200,0,1,0,0,0,1,511
106,1 : 過去半年以内,20,1 : 男性,3 : 関東地方,1,Q2,2,0,180,200,0,1,0,0,0,1,512
106,1 : 過去半年以内,20,1 : 男性,3 : 関東地方,1,Q3,2,0,200,170,0,1,0,0,0,1,513
106,1 : 過去半年以内,20,1 : 男性,3 : 関東地方,1,Q4,2,0,220,200,0,1,0,0,0,1,514
106,1 : 過去半年以内,20,1 : 男性,3 : 関東地方,1,Q5,2,0,190,210,0,1,0,0,0,1,515
107,1 : 過去半年以内,19,1 : 男性,4 : 中部地方,0,Q1,2,0,200,200,0,1,0,0,0,1,516
107,1 : 過去半年以内,19,1 : 男性,4 : 中部地方,0,Q2,1,0,180,200,0,1,0,0,0,1,517
107,1 : 過去半年以内,19,1 : 男性,4 : 中部地方,0,Q3,2,0,200,170,0,1,0,0,0,1,518
107,1 : 過去半年以内,19,1 : 男性,4 : 中部地方,0,Q4,2,0,220,200,0,1,0,0,0,1,519
107,1 : 過去半年以内,19,1 : 男性,4 : 中部地方,0,Q5,1,0,190,210,0,1,0,0,0,1,520
108,1 : 過去半年以内,19,2 : 女性,4 : 中部地方,1,Q1,1,0,200,200,0,1,0,0,0,1,521
108,1 : 過去半年以内,19,2 : 女性,4 : 中部地方,1,Q2,1,0,180,200,0,1,0,0,0,1,522
108,1 : 過去半年以内,19,2 : 女性,4 : 中部地方,1,Q3,2,0,200,170,0,1,0,0,0,1,523
108,1 : 過去半年以内,19,2 : 女性,4 : 中部地方,1,Q4,2,0,220,200,0,1,0,0,0,1,524
108,1 : 過去半年以内,19,2 : 女性,4 : 中部地方,1,Q5,1,0,190,210,0,1,0,0,0,1,525
109,1 : 過去半年以内,19,2 : 女性,3 : 関東地方,1,Q1,2,0,200,200,0,1,0,0,0,1,526
109,1 : 過去半年以内,19,2 : 女性,3 : 関東地方,1,Q2,1,0,180,200,0,1,0,0,0,1,527
109,1 : 過去半年以内,19,2 : 女性,3 : 関東地方,1,Q3,2,0,200,170,0,1,0,0,0,1,528
109,1 : 過去半年以内,19,2 : 女性,3 : 関東地方,1,Q4,2,0,220,200,0,1,0,0,0,1,529
109,1 : 過去半年以内,19,2 : 女性,3 : 関東地方,1,Q5,1,0,190,210,0,1,0,0,0,1,530
110,3 : １年以上前,20,2 : 女性,3 : 関東地方,1,Q1,0,0,200,200,0,1,0,0,0,1,531
110,3 : １年以上前,20,2 : 女性,3 : 関東地方,1,Q2,1,0,180,200,0,1,0,0,0,1,532
110,3 : １年以上前,20,2 : 女性,3 : 関東地方,1,Q3,2,0,200,170,0,1,0,0,0,1,533
110,3 : １年以上前,20,2 : 女性,3 : 関東地方,1,Q4,0,0,220,200,0,1,0,0,0,1,534
110,3 : １年以上前,20,2 : 女性,3 : 関東地方,1,Q5,0,0,190,210,0,1,0,0,0,1,535
111,3 : １年以上前,20,1 : 男性,3 : 関東地方,1,Q1,2,0,200,200,0,1,0,0,0,1,536
111,3 : １年以上前,20,1 : 男性,3 : 関東地方,1,Q2,2,0,180,200,0,1,0,0,0,1,537
111,3 : １年以上前,20,1 : 男性,3 : 関東地方,1,Q3,2,0,200,170,0,1,0,0,0,1,538
111,3 : １年以上前,20,1 : 男性,3 : 関東地方,1,Q4,2,0,220,200,0,1,0,0,0,1,539
111,3 : １年以上前,20,1 : 男性,3 : 関東地方,1,Q5,2,0,190,210,0,1,0,0,0,1,540
112,1 : 過去半年以内,19,1 : 男性,3 : 関東地方,1,Q1,1,0,200,200,0,1,0,0,0,1,541
112,1 : 過去半年以内,19,1 : 男性,3 : 関東地方,1,Q2,1,0,180,200,0,1,0,0,0,1,542
112,1 : 過去半年以内,19,1 : 男性,3 : 関東地方,1,Q3,1,0,200,170,0,1,0,0,0,1,543
112,1 : 過去半年以内,19,1 : 男性,3 : 関東地方,1,Q4,1,0,220,200,0,1,0,0,0,1,544
112,1 : 過去半年以内,19,1 : 男性,3 : 関東地方,1,Q5,1,0,190,210,0,1,0,0,0,1,545
113,1 : 過去半年以内,20,2 : 女性,3 : 関東地方,1,Q1,2,0,200,200,0,1,0,0,0,1,546
113,1 : 過去半年以内,20,2 : 女性,3 : 関東地方,1,Q2,2,0,180,200,0,1,0,0,0,1,547
113,1 : 過去半年以内,20,2 : 女性,3 : 関東地方,1,Q3,2,0,200,170,0,1,0,0,0,1,548
113,1 : 過去半年以内,20,2 : 女性,3 : 関東地方,1,Q4,2,0,220,200,0,1,0,0,0,1,549
113,1 : 過去半年以内,20,2 : 女性,3 : 関東地方,1,Q5,2,0,190,210,0,1,0,0,0,1,550
114,1 : 過去半年以内,20,1 : 男性,8 : 九州地方(沖縄含む),0,Q1,2,0,200,200,0,1,0,0,0,1,551
114,1 : 過去半年以内,20,1 : 男性,8 : 九州地方(沖縄含む),0,Q2,2,0,180,200,0,1,0,0,0,1,552
114,1 : 過去半年以内,20,1 : 男性,8 : 九州地方(沖縄含む),0,Q3,2,0,200,170,0,1,0,0,0,1,553
114,1 : 過去半年以内,20,1 : 男性,8 : 九州地方(沖縄含む),0,Q4,2,0,220,200,0,1,0,0,0,1,554
114,1 : 過去半年以内,20,1 : 男性,8 : 九州地方(沖縄含む),0,Q5,2,0,190,210,0,1,0,0,0,1,555
115,2 : 過去半年から１年以内,19,1 : 男性,4 : 中部地方,0,Q1,2,0,200,200,0,1,0,0,0,1,556
115,2 : 過去半年から１年以内,19,1 : 男性,4 : 中部地方,0,Q2,0,0,180,200,0,1,0,0,0,1,557
115,2 : 過去半年から１年以内,19,1 : 男性,4 : 中部地方,0,Q3,2,0,200,170,0,1,0,0,0,1,558
115,2 : 過去半年から１年以内,19,1 : 男性,4 : 中部地方,0,Q4,2,0,220,200,0,1,0,0,0,1,559
115,2 : 過去半年から１年以内,19,1 : 男性,4 : 中部地方,0,Q5,0,0,190,210,0,1,0,0,0,1,560
116,1 : 過去半年以内,19,1 : 男性,6 : 中国地方,0,Q1,1,0,200,200,0,1,0,0,0,1,561
116,1 : 過去半年以内,19,1 : 男性,6 : 中国地方,0,Q2,1,0,180,200,0,1,0,0,0,1,562
116,1 : 過去半年以内,19,1 : 男性,6 : 中国地方,0,Q3,2,0,200,170,0,1,0,0,0,1,563
116,1 : 過去半年以内,19,1 : 男性,6 : 中国地方,0,Q4,2,0,220,200,0,1,0,0,0,1,564
116,1 : 過去半年以内,19,1 : 男性,6 : 中国地方,0,Q5,1,0,190,210,0,1,0,0,0,1,565
117,1 : 過去半年以内,20,2 : 女性,3 : 関東地方,1,Q1,2,0,200,200,0,1,0,0,0,1,566
117,1 : 過去半年以内,20,2 : 女性,3 : 関東地方,1,Q2,2,0,180,200,0,1,0,0,0,1,567
117,1 : 過去半年以内,20,2 : 女性,3 : 関東地方,1,Q3,2,0,200,170,0,1,0,0,0,1,568
117,1 : 過去半年以内,20,2 : 女性,3 : 関東地方,1,Q4,2,0,220,200,0,1,0,0,0,1,569
117,1 : 過去半年以内,20,2 : 女性,3 : 関東地方,1,Q5,2,0,190,210,0,1,0,0,0,1,570
118,3 : １年以上前,20,2 : 女性,3 : 関東地方,1,Q1,0,0,200,200,0,1,0,0,0,1,571
118,3 : １年以上前,20,2 : 女性,3 : 関東地方,1,Q2,1,0,180,200,0,1,0,0,0,1,572
118,3 : １年以上前,20,2 : 女性,3 : 関東地方,1,Q3,0,0,200,170,0,1,0,0,0,1,573
118,3 : １年以上前,20,2 : 女性,3 : 関東地方,1,Q4,0,0,220,200,0,1,0,0,0,1,574
118,3 : １年以上前,20,2 : 女性,3 : 関東地方,1,Q5,0,0,190,210,0,1,0,0,0,1,575
119,1 : 過去半年以内,19,2 : 女性,7 : 四国地方,0,Q1,1,0,200,200,0,1,0,0,0,1,576
119,1 : 過去半年以内,19,2 : 女性,7 : 四国地方,0,Q2,1,0,180,200,0,1,0,0,0,1,577
119,1 : 過去半年以内,19,2 : 女性,7 : 四国地方,0,Q3,2,0,200,170,0,1,0,0,0,1,578
119,1 : 過去半年以内,19,2 : 女性,7 : 四国地方,0,Q4,2,0,220,200,0,1,0,0,0,1,579
119,1 : 過去半年以内,19,2 : 女性,7 : 四国地方,0,Q5,1,0,190,210,0,1,0,0,0,1,580
120,1 : 過去半年以内,19,2 : 女性,3 : 関東地方,1,Q1,1,0,200,200,0,1,0,0,0,1,581
120,1 : 過去半年以内,19,2 : 女性,3 : 関東地方,1,Q2,1,0,180,200,0,1,0,0,0,1,582
120,1 : 過去半年以内,19,2 : 女性,3 : 関東地方,1,Q3,2,0,200,170,0,1,0,0,0,1,583
120,1 : 過去半年以内,19,2 : 女性,3 : 関東地方,1,Q4,2,0,220,200,0,1,0,0,0,1,584
120,1 : 過去半年以内,19,2 : 女性,3 : 関東地方,1,Q5,1,0,190,210,0,1,0,0,0,1,585
121,1 : 過去半年以内,19,2 : 女性,3 : 関東地方,1,Q1,1,0,200,200,0,1,0,0,0,1,586
121,1 : 過去半年以内,19,2 : 女性,3 : 関東地方,1,Q2,1,0,180,200,0,1,0,0,0,1,587
121,1 : 過去半年以内,19,2 : 女性,3 : 関東地方,1,Q3,1,0,200,170,0,1,0,0,0,1,588
121,1 : 過去半年以内,19,2 : 女性,3 : 関東地方,1,Q4,1,0,220,200,0,1,0,0,0,1,589
121,1 : 過去半年以内,19,2 : 女性,3 : 関東地方,1,Q5,1,0,190,210,0,1,0,0,0,1,590
122,1 : 過去半年以内,19,1 : 男性,3 : 関東地方,1,Q1,0,0,200,200,0,1,0,0,0,1,591
122,1 : 過去半年以内,19,1 : 男性,3 : 関東地方,1,Q2,1,0,180,200,0,1,0,0,0,1,592
122,1 : 過去半年以内,19,1 : 男性,3 : 関東地方,1,Q3,2,0,200,170,0,1,0,0,0,1,593
122,1 : 過去半年以内,19,1 : 男性,3 : 関東地方,1,Q4,0,0,220,200,0,1,0,0,0,1,594
122,1 : 過去半年以内,19,1 : 男性,3 : 関東地方,1,Q5,0,0,190,210,0,1,0,0,0,1,595
123,1 : 過去半年以内,19,1 : 男性,3 : 関東地方,1,Q1,0,0,200,200,0,1,0,0,0,1,596
123,1 : 過去半年以内,19,1 : 男性,3 : 関東地方,1,Q2,0,0,180,200,0,1,0,0,0,1,597
123,1 : 過去半年以内,19,1 : 男性,3 : 関東地方,1,Q3,2,0,200,170,0,1,0,0,0,1,598
123,1 : 過去半年以内,19,1 : 男性,3 : 関東地方,1,Q4,0,0,220,200,0,1,0,0,0,1,599
123,1 : 過去半年以内,19,1 : 男性,3 : 関東地方,1,Q5,0,0,190,210,0,1,0,0,0,1,600
124,1 : 過去半年以内,19,2 : 女性,2 : 東北地方,0,Q1,2,0,200,200,0,1,0,0,0,1,601
124,1 : 過去半年以内,19,2 : 女性,2 : 東北地方,0,Q2,2,0,180,200,0,1,0,0,0,1,602
124,1 : 過去半年以内,19,2 : 女性,2 : 東北地方,0,Q3,2,0,200,170,0,1,0,0,0,1,603
124,1 : 過去半年以内,19,2 : 女性,2 : 東北地方,0,Q4,0,0,220,200,0,1,0,0,0,1,604
124,1 : 過去半年以内,19,2 : 女性,2 : 東北地方,0,Q5,1,0,190,210,0,1,0,0,0,1,605
125,1 : 過去半年以内,19,2 : 女性,3 : 関東地方,1,Q1,2,0,200,200,0,1,0,0,0,1,606
125,1 : 過去半年以内,19,2 : 女性,3 : 関東地方,1,Q2,1,0,180,200,0,1,0,0,0,1,607
125,1 : 過去半年以内,19,2 : 女性,3 : 関東地方,1,Q3,2,0,200,170,0,1,0,0,0,1,608
125,1 : 過去半年以内,19,2 : 女性,3 : 関東地方,1,Q4,2,0,220,200,0,1,0,0,0,1,609
125,1 : 過去半年以内,19,2 : 女性,3 : 関東地方,1,Q5,1,0,190,210,0,1,0,0,0,1,610
126,1 : 過去半年以内,19,1 : 男性,3 : 関東地方,1,Q1,2,0,200,200,0,1,0,0,0,1,611
126,1 : 過去半年以内,19,1 : 男性,3 : 関東地方,1,Q2,2,0,180,200,0,1,0,0,0,1,612
126,1 : 過去半年以内,19,1 : 男性,3 : 関東地方,1,Q3,2,0,200,170,0,1,0,0,0,1,613
126,1 : 過去半年以内,19,1 : 男性,3 : 関東地方,1,Q4,1,0,220,200,0,1,0,0,0,1,614
126,1 : 過去半年以内,19,1 : 男性,3 : 関東地方,1,Q5,2,0,190,210,0,1,0,0,0,1,615
127,2 : 過去半年から１年以内,19,1 : 男性,3 : 関東地方,1,Q1,0,0,200,200,0,1,0,0,0,1,616
127,2 : 過去半年から１年以内,19,1 : 男性,3 : 関東地方,1,Q2,0,0,180,200,0,1,0,0,0,1,617
127,2 : 過去半年から１年以内,19,1 : 男性,3 : 関東地方,1,Q3,0,0,200,170,0,1,0,0,0,1,618
127,2 : 過去半年から１年以内,19,1 : 男性,3 : 関東地方,1,Q4,0,0,220,200,0,1,0,0,0,1,619
127,2 : 過去半年から１年以内,19,1 : 男性,3 : 関東地方,1,Q5,0,0,190,210,0,1,0,0,0,1,620
128,2 : 過去半年から１年以内,19,1 : 男性,3 : 関東地方,1,Q1,0,0,200,200,0,1,0,0,0,1,621
128,2 : 過去半年から１年以内,19,1 : 男性,3 : 関東地方,1,Q2,1,0,180,200,0,1,0,0,0,1,622
128,2 : 過去半年から１年以内,19,1 : 男性,3 : 関東地方,1,Q3,0,0,200,170,0,1,0,0,0,1,623
128,2 : 過去半年から１年以内,19,1 : 男性,3 : 関東地方,1,Q4,0,0,220,200,0,1,0,0,0,1,624
128,2 : 過去半年から１年以内,19,1 : 男性,3 : 関東地方,1,Q5,1,0,190,210,0,1,0,0,0,1,625
129,1 : 過去半年以内,19,1 : 男性,3 : 関東地方,1,Q1,1,0,200,200,0,1,0,0,0,1,626
129,1 : 過去半年以内,19,1 : 男性,3 : 関東地方,1,Q2,1,0,180,200,0,1,0,0,0,1,627
129,1 : 過去半年以内,19,1 : 男性,3 : 関東地方,1,Q3,2,0,200,170,0,1,0,0,0,1,628
129,1 : 過去半年以内,19,1 : 男性,3 : 関東地方,1,Q4,1,0,220,200,0,1,0,0,0,1,629
129,1 : 過去半年以内,19,1 : 男性,3 : 関東地方,1,Q5,1,0,190,210,0,1,0,0,0,1,630
130,1 : 過去半年以内,20,2 : 女性,9 : 海外,0,Q1,2,0,200,200,0,1,0,0,0,1,631
130,1 : 過去半年以内,20,2 : 女性,9 : 海外,0,Q2,1,0,180,200,0,1,0,0,0,1,632
130,1 : 過去半年以内,20,2 : 女性,9 : 海外,0,Q3,1,0,200,170,0,1,0,0,0,1,633
130,1 : 過去半年以内,20,2 : 女性,9 : 海外,0,Q4,2,0,220,200,0,1,0,0,0,1,634
130,1 : 過去半年以内,20,2 : 女性,9 : 海外,0,Q5,2,0,190,210,0,1,0,0,0,1,635
131,3 : １年以上前,19,1 : 男性,3 : 関東地方,1,Q1,0,0,200,200,0,1,0,0,0,1,636
131,3 : １年以上前,19,1 : 男性,3 : 関東地方,1,Q2,0,0,180,200,0,1,0,0,0,1,637
131,3 : １年以上前,19,1 : 男性,3 : 関東地方,1,Q3,2,0,200,170,0,1,0,0,0,1,638
131,3 : １年以上前,19,1 : 男性,3 : 関東地方,1,Q4,0,0,220,200,0,1,0,0,0,1,639
131,3 : １年以上前,19,1 : 男性,3 : 関東地方,1,Q5,0,0,190,210,0,1,0,0,0,1,640
132,3 : １年以上前,19,1 : 男性,3 : 関東地方,1,Q1,0,0,200,200,0,1,0,0,0,1,641
132,3 : １年以上前,19,1 : 男性,3 : 関東地方,1,Q2,0,0,180,200,0,1,0,0,0,1,642
132,3 : １年以上前,19,1 : 男性,3 : 関東地方,1,Q3,0,0,200,170,0,1,0,0,0,1,643
132,3 : １年以上前,19,1 : 男性,3 : 関東地方,1,Q4,0,0,220,200,0,1,0,0,0,1,644
132,3 : １年以上前,19,1 : 男性,3 : 関東地方,1,Q5,0,0,190,210,0,1,0,0,0,1,645
133,1 : 過去半年以内,19,1 : 男性,3 : 関東地方,1,Q1,1,0,200,200,0,1,0,0,0,1,646
133,1 : 過去半年以内,19,1 : 男性,3 : 関東地方,1,Q2,0,0,180,200,0,1,0,0,0,1,647
133,1 : 過去半年以内,19,1 : 男性,3 : 関東地方,1,Q3,1,0,200,170,0,1,0,0,0,1,648
133,1 : 過去半年以内,19,1 : 男性,3 : 関東地方,1,Q4,0,0,220,200,0,1,0,0,0,1,649
133,1 : 過去半年以内,19,1 : 男性,3 : 関東地方,1,Q5,1,0,190,210,0,1,0,0,0,1,650
134,2 : 過去半年から１年以内,20,2 : 女性,4 : 中部地方,0,Q1,1,0,200,200,0,1,0,0,0,1,651
134,2 : 過去半年から１年以内,20,2 : 女性,4 : 中部地方,0,Q2,1,0,180,200,0,1,0,0,0,1,652
134,2 : 過去半年から１年以内,20,2 : 女性,4 : 中部地方,0,Q3,1,0,200,170,0,1,0,0,0,1,653
134,2 : 過去半年から１年以内,20,2 : 女性,4 : 中部地方,0,Q4,0,0,220,200,0,1,0,0,0,1,654
134,2 : 過去半年から１年以内,20,2 : 女性,4 : 中部地方,0,Q5,1,0,190,210,0,1,0,0,0,1,655
135,2 : 過去半年から１年以内,19,1 : 男性,3 : 関東地方,1,Q1,0,0,200,200,0,1,0,0,0,1,656
135,2 : 過去半年から１年以内,19,1 : 男性,3 : 関東地方,1,Q2,0,0,180,200,0,1,0,0,0,1,657
135,2 : 過去半年から１年以内,19,1 : 男性,3 : 関東地方,1,Q3,2,0,200,170,0,1,0,0,0,1,658
135,2 : 過去半年から１年以内,19,1 : 男性,3 : 関東地方,1,Q4,0,0,220,200,0,1,0,0,0,1,659
135,2 : 過去半年から１年以内,19,1 : 男性,3 : 関東地方,1,Q5,0,0,190,210,0,1,0,0,0,1,660
136,1 : 過去半年以内,19,1 : 男性,3 : 関東地方,1,Q1,1,0,200,200,0,1,0,0,0,1,661
136,1 : 過去半年以内,19,1 : 男性,3 : 関東地方,1,Q2,1,0,180,200,0,1,0,0,0,1,662
136,1 : 過去半年以内,19,1 : 男性,3 : 関東地方,1,Q3,1,0,200,170,0,1,0,0,0,1,663
136,1 : 過去半年以内,19,1 : 男性,3 : 関東地方,1,Q4,2,0,220,200,0,1,0,0,0,1,664
136,1 : 過去半年以内,19,1 : 男性,3 : 関東地方,1,Q5,1,0,190,210,0,1,0,0,0,1,665
137,1 : 過去半年以内,19,1 : 男性,3 : 関東地方,0,Q1,0,0,200,200,0,1,0,0,0,1,666
137,1 : 過去半年以内,19,1 : 男性,3 : 関東地方,0,Q2,1,0,180,200,0,1,0,0,0,1,667
137,1 : 過去半年以内,19,1 : 男性,3 : 関東地方,0,Q3,2,0,200,170,0,1,0,0,0,1,668
137,1 : 過去半年以内,19,1 : 男性,3 : 関東地方,0,Q4,0,0,220,200,0,1,0,0,0,1,669
137,1 : 過去半年以内,19,1 : 男性,3 : 関東地方,0,Q5,1,0,190,210,0,1,0,0,0,1,670
138,3 : １年以上前,19,3 : 回答したくない,3 : 関東地方,1,Q1,0,0,200,200,0,1,0,0,0,1,671
138,3 : １年以上前,19,3 : 回答したくない,3 : 関東地方,1,Q2,1,0,180,200,0,1,0,0,0,1,672
138,3 : １年以上前,19,3 : 回答したくない,3 : 関東地方,1,Q3,2,0,200,170,0,1,0,0,0,1,673
138,3 : １年以上前,19,3 : 回答したくない,3 : 関東地方,1,Q4,2,0,220,200,0,1,0,0,0,1,674
138,3 : １年以上前,19,3 : 回答したくない,3 : 関東地方,1,Q5,1,0,190,210,0,1,0,0,0,1,675
139,1 : 過去半年以内,19,2 : 女性,3 : 関東地方,1,Q1,2,0,200,200,0,1,0,0,0,1,676
139,1 : 過去半年以内,19,2 : 女性,3 : 関東地方,1,Q2,1,0,180,200,0,1,0,0,0,1,677
139,1 : 過去半年以内,19,2 : 女性,3 : 関東地方,1,Q3,2,0,200,170,0,1,0,0,0,1,678
139,1 : 過去半年以内,19,2 : 女性,3 : 関東地方,1,Q4,2,0,220,200,0,1,0,0,0,1,679
139,1 : 過去半年以内,19,2 : 女性,3 : 関東地方,1,Q5,1,0,190,210,0,1,0,0,0,1,680
140,1 : 過去半年以内,19,1 : 男性,3 : 関東地方,1,Q1,1,0,200,200,0,1,0,0,0,1,681
140,1 : 過去半年以内,19,1 : 男性,3 : 関東地方,1,Q2,1,0,180,200,0,1,0,0,0,1,682
140,1 : 過去半年以内,19,1 : 男性,3 : 関東地方,1,Q3,2,0,200,170,0,1,0,0,0,1,683
140,1 : 過去半年以内,19,1 : 男性,3 : 関東地方,1,Q4,2,0,220,200,0,1,0,0,0,1,684
140,1 : 過去半年以内,19,1 : 男性,3 : 関東地方,1,Q5,1,0,190,210,0,1,0,0,0,1,685
141,2 : 過去半年から１年以内,19,1 : 男性,4 : 中部地方,0,Q1,1,0,200,200,0,1,0,0,0,1,686
141,2 : 過去半年から１年以内,19,1 : 男性,4 : 中部地方,0,Q2,1,0,180,200,0,1,0,0,0,1,687
141,2 : 過去半年から１年以内,19,1 : 男性,4 : 中部地方,0,Q3,2,0,200,170,0,1,0,0,0,1,688
141,2 : 過去半年から１年以内,19,1 : 男性,4 : 中部地方,0,Q4,2,0,220,200,0,1,0,0,0,1,689
141,2 : 過去半年から１年以内,19,1 : 男性,4 : 中部地方,0,Q5,1,0,190,210,0,1,0,0,0,1,690
142,3 : １年以上前,19,1 : 男性,3 : 関東地方,1,Q1,0,0,200,200,0,1,0,0,0,1,691
142,3 : １年以上前,19,1 : 男性,3 : 関東地方,1,Q2,1,0,180,200,0,1,0,0,0,1,692
142,3 : １年以上前,19,1 : 男性,3 : 関東地方,1,Q3,2,0,200,170,0,1,0,0,0,1,693
142,3 : １年以上前,19,1 : 男性,3 : 関東地方,1,Q4,0,0,220,200,0,1,0,0,0,1,694
142,3 : １年以上前,19,1 : 男性,3 : 関東地方,1,Q5,1,0,190,210,0,1,0,0,0,1,695
143,1 : 過去半年以内,20,2 : 女性,1 : 北海道地方,0,Q1,1,0,200,200,0,1,0,0,0,1,696
143,1 : 過去半年以内,20,2 : 女性,1 : 北海道地方,0,Q2,1,0,180,200,0,1,0,0,0,1,697
143,1 : 過去半年以内,20,2 : 女性,1 : 北海道地方,0,Q3,2,0,200,170,0,1,0,0,0,1,698
143,1 : 過去半年以内,20,2 : 女性,1 : 北海道地方,0,Q4,2,0,220,200,0,1,0,0,0,1,699
143,1 : 過去半年以内,20,2 : 女性,1 : 北海道地方,0,Q5,1,0,190,210,0,1,0,0,0,1,700
144,1 : 過去半年以内,19,1 : 男性,3 : 関東地方,1,Q1,2,0,200,200,0,1,0,0,0,1,701
144,1 : 過去半年以内,19,1 : 男性,3 : 関東地方,1,Q2,1,0,180,200,0,1,0,0,0,1,702
144,1 : 過去半年以内,19,1 : 男性,3 : 関東地方,1,Q3,2,0,200,170,0,1,0,0,0,1,703
144,1 : 過去半年以内,19,1 : 男性,3 : 関東地方,1,Q4,2,0,220,200,0,1,0,0,0,1,704
144,1 : 過去半年以内,19,1 : 男性,3 : 関東地方,1,Q5,2,0,190,210,0,1,0,0,0,1,705
145,1 : 過去半年以内,19,1 : 男性,3 : 関東地方,1,Q1,1,0,200,200,0,1,0,0,0,1,706
145,1 : 過去半年以内,19,1 : 男性,3 : 関東地方,1,Q2,1,0,180,200,0,1,0,0,0,1,707
145,1 : 過去半年以内,19,1 : 男性,3 : 関東地方,1,Q3,1,0,200,170,0,1,0,0,0,1,708
145,1 : 過去半年以内,19,1 : 男性,3 : 関東地方,1,Q4,0,0,220,200,0,1,0,0,0,1,709
145,1 : 過去半年以内,19,1 : 男性,3 : 関東地方,1,Q5,1,0,190,210,0,1,0,0,0,1,710
146,3 : １年以上前,19,1 : 男性,3 : 関東地方,1,Q1,0,0,200,200,0,1,0,0,0,1,711
146,3 : １年以上前,19,1 : 男性,3 : 関東地方,1,Q2,0,0,180,200,0,1,0,0,0,1,712
146,3 : １年以上前,19,1 : 男性,3 : 関東地方,1,Q3,0,0,200,170,0,1,0,0,0,1,713
146,3 : １年以上前,19,1 : 男性,3 : 関東地方,1,Q4,0,0,220,200,0,1,0,0,0,1,714
146,3 : １年以上前,19,1 : 男性,3 : 関東地方,1,Q5,0,0,190,210,0,1,0,0,0,1,715
147,2 : 過去半年から１年以内,19,2 : 女性,2 : 東北地方,1,Q1,2,0,200,200,0,1,0,0,0,1,716
147,2 : 過去半年から１年以内,19,2 : 女性,2 : 東北地方,1,Q2,1,0,180,200,0,1,0,0,0,1,717
147,2 : 過去半年から１年以内,19,2 : 女性,2 : 東北地方,1,Q3,2,0,200,170,0,1,0,0,0,1,718
147,2 : 過去半年から１年以内,19,2 : 女性,2 : 東北地方,1,Q4,2,0,220,200,0,1,0,0,0,1,719
147,2 : 過去半年から１年以内,19,2 : 女性,2 : 東北地方,1,Q5,1,0,190,210,0,1,0,0,0,1,720
148,1 : 過去半年以内,20,2 : 女性,3 : 関東地方,1,Q1,2,0,200,200,0,1,0,0,0,1,721
148,1 : 過去半年以内,20,2 : 女性,3 : 関東地方,1,Q2,2,0,180,200,0,1,0,0,0,1,722
148,1 : 過去半年以内,20,2 : 女性,3 : 関東地方,1,Q3,2,0,200,170,0,1,0,0,0,1,723
148,1 : 過去半年以内,20,2 : 女性,3 : 関東地方,1,Q4,2,0,220,200,0,1,0,0,0,1,724
148,1 : 過去半年以内,20,2 : 女性,3 : 関東地方,1,Q5,2,0,190,210,0,1,0,0,0,1,725
149,3 : １年以上前,19,1 : 男性,3 : 関東地方,1,Q1,1,0,200,200,0,1,0,0,0,1,726
149,3 : １年以上前,19,1 : 男性,3 : 関東地方,1,Q2,1,0,180,200,0,1,0,0,0,1,727
149,3 : １年以上前,19,1 : 男性,3 : 関東地方,1,Q3,2,0,200,170,0,1,0,0,0,1,728
149,3 : １年以上前,19,1 : 男性,3 : 関東地方,1,Q4,0,0,220,200,0,1,0,0,0,1,729
149,3 : １年以上前,19,1 : 男性,3 : 関東地方,1,Q5,1,0,190,210,0,1,0,0,0,1,730
150,1 : 過去半年以内,19,1 : 男性,3 : 関東地方,1,Q1,2,0,200,200,0,1,0,0,0,1,731
150,1 : 過去半年以内,19,1 : 男性,3 : 関東地方,1,Q2,2,0,180,200,0,1,0,0,0,1,732
150,1 : 過去半年以内,19,1 : 男性,3 : 関東地方,1,Q3,2,0,200,170,0,1,0,0,0,1,733
150,1 : 過去半年以内,19,1 : 男性,3 : 関東地方,1,Q4,2,0,220,200,0,1,0,0,0,1,734
150,1 : 過去半年以内,19,1 : 男性,3 : 関東地方,1,Q5,2,0,190,210,0,1,0,0,0,1,735
151,1 : 過去半年以内,19,1 : 男性,3 : 関東地方,1,Q1,2,0,200,200,0,1,0,0,0,1,736
151,1 : 過去半年以内,19,1 : 男性,3 : 関東地方,1,Q2,2,0,180,200,0,1,0,0,0,1,737
151,1 : 過去半年以内,19,1 : 男性,3 : 関東地方,1,Q3,2,0,200,170,0,1,0,0,0,1,738
151,1 : 過去半年以内,19,1 : 男性,3 : 関東地方,1,Q4,2,0,220,200,0,1,0,0,0,1,739
151,1 : 過去半年以内,19,1 : 男性,3 : 関東地方,1,Q5,2,0,190,210,0,1,0,0,0,1,740
152,1 : 過去半年以内,19,2 : 女性,3 : 関東地方,1,Q1,1,0,200,200,0,1,0,0,0,1,741
152,1 : 過去半年以内,19,2 : 女性,3 : 関東地方,1,Q2,1,0,180,200,0,1,0,0,0,1,742
152,1 : 過去半年以内,19,2 : 女性,3 : 関東地方,1,Q3,1,0,200,170,0,1,0,0,0,1,743
152,1 : 過去半年以内,19,2 : 女性,3 : 関東地方,1,Q4,2,0,220,200,0,1,0,0,0,1,744
152,1 : 過去半年以内,19,2 : 女性,3 : 関東地方,1,Q5,1,0,190,210,0,1,0,0,0,1,745
153,2 : 過去半年から１年以内,20,1 : 男性,3 : 関東地方,1,Q1,0,0,200,200,0,1,0,0,0,1,746
153,2 : 過去半年から１年以内,20,1 : 男性,3 : 関東地方,1,Q2,1,0,180,200,0,1,0,0,0,1,747
153,2 : 過去半年から１年以内,20,1 : 男性,3 : 関東地方,1,Q3,2,0,200,170,0,1,0,0,0,1,748
153,2 : 過去半年から１年以内,20,1 : 男性,3 : 関東地方,1,Q4,0,0,220,200,0,1,0,0,0,1,749
153,2 : 過去半年から１年以内,20,1 : 男性,3 : 関東地方,1,Q5,1,0,190,210,0,1,0,0,0,1,750
154,2 : 過去半年から１年以内,19,1 : 男性,9 : 海外,1,Q1,1,0,200,200,0,1,0,0,0,1,751
154,2 : 過去半年から１年以内,19,1 : 男性,9 : 海外,1,Q2,1,0,180,200,0,1,0,0,0,1,752
154,2 : 過去半年から１年以内,19,1 : 男性,9 : 海外,1,Q3,2,0,200,170,0,1,0,0,0,1,753
154,2 : 過去半年から１年以内,19,1 : 男性,9 : 海外,1,Q4,2,0,220,200,0,1,0,0,0,1,754
154,2 : 過去半年から１年以内,19,1 : 男性,9 : 海外,1,Q5,1,0,190,210,0,1,0,0,0,1,755
155,1 : 過去半年以内,19,2 : 女性,6 : 中国地方,0,Q1,2,0,200,200,0,1,0,0,0,1,756
155,1 : 過去半年以内,19,2 : 女性,6 : 中国地方,0,Q2,2,0,180,200,0,1,0,0,0,1,757
155,1 : 過去半年以内,19,2 : 女性,6 : 中国地方,0,Q3,2,0,200,170,0,1,0,0,0,1,758
155,1 : 過去半年以内,19,2 : 女性,6 : 中国地方,0,Q4,2,0,220,200,0,1,0,0,0,1,759
155,1 : 過去半年以内,19,2 : 女性,6 : 中国地方,0,Q5,0,0,190,210,0,1,0,0,0,1,760
156,2 : 過去半年から１年以内,21,1 : 男性,3 : 関東地方,0,Q1,2,0,200,200,0,1,0,0,0,1,761
156,2 : 過去半年から１年以内,21,1 : 男性,3 : 関東地方,0,Q2,2,0,180,200,0,1,0,0,0,1,762
156,2 : 過去半年から１年以内,21,1 : 男性,3 : 関東地方,0,Q3,2,0,200,170,0,1,0,0,0,1,763
156,2 : 過去半年から１年以内,21,1 : 男性,3 : 関東地方,0,Q4,2,0,220,200,0,1,0,0,0,1,764
156,2 : 過去半年から１年以内,21,1 : 男性,3 : 関東地方,0,Q5,2,0,190,210,0,1,0,0,0,1,765
157,1 : 過去半年以内,19,1 : 男性,3 : 関東地方,1,Q1,1,0,200,200,0,1,0,0,0,1,766
157,1 : 過去半年以内,19,1 : 男性,3 : 関東地方,1,Q2,1,0,180,200,0,1,0,0,0,1,767
157,1 : 過去半年以内,19,1 : 男性,3 : 関東地方,1,Q3,2,0,200,170,0,1,0,0,0,1,768
157,1 : 過去半年以内,19,1 : 男性,3 : 関東地方,1,Q4,2,0,220,200,0,1,0,0,0,1,769
157,1 : 過去半年以内,19,1 : 男性,3 : 関東地方,1,Q5,1,0,190,210,0,1,0,0,0,1,770
158,1 : 過去半年以内,19,2 : 女性,3 : 関東地方,1,Q1,2,0,200,200,0,1,0,0,0,1,771
158,1 : 過去半年以内,19,2 : 女性,3 : 関東地方,1,Q2,1,0,180,200,0,1,0,0,0,1,772
158,1 : 過去半年以内,19,2 : 女性,3 : 関東地方,1,Q3,2,0,200,170,0,1,0,0,0,1,773
158,1 : 過去半年以内,19,2 : 女性,3 : 関東地方,1,Q4,2,0,220,200,0,1,0,0,0,1,774
158,1 : 過去半年以内,19,2 : 女性,3 : 関東地方,1,Q5,2,0,190,210,0,1,0,0,0,1,775
159,1 : 過去半年以内,19,1 : 男性,9 : 海外,1,Q1,1,0,200,200,0,1,0,0,0,1,776
159,1 : 過去半年以内,19,1 : 男性,9 : 海外,1,Q2,1,0,180,200,0,1,0,0,0,1,777
159,1 : 過去半年以内,19,1 : 男性,9 : 海外,1,Q3,1,0,200,170,0,1,0,0,0,1,778
159,1 : 過去半年以内,19,1 : 男性,9 : 海外,1,Q4,0,0,220,200,0,1,0,0,0,1,779
159,1 : 過去半年以内,19,1 : 男性,9 : 海外,1,Q5,1,0,190,210,0,1,0,0,0,1,780
160,1 : 過去半年以内,19,2 : 女性,3 : 関東地方,1,Q1,2,0,200,200,0,1,0,0,0,1,781
160,1 : 過去半年以内,19,2 : 女性,3 : 関東地方,1,Q2,2,0,180,200,0,1,0,0,0,1,782
160,1 : 過去半年以内,19,2 : 女性,3 : 関東地方,1,Q3,2,0,200,170,0,1,0,0,0,1,783
160,1 : 過去半年以内,19,2 : 女性,3 : 関東地方,1,Q4,2,0,220,200,0,1,0,0,0,1,784
160,1 : 過去半年以内,19,2 : 女性,3 : 関東地方,1,Q5,2,0,190,210,0,1,0,0,0,1,785
161,1 : 過去半年以内,19,2 : 女性,3 : 関東地方,1,Q1,1,0,200,200,0,1,0,0,0,1,786
161,1 : 過去半年以内,19,2 : 女性,3 : 関東地方,1,Q2,1,0,180,200,0,1,0,0,0,1,787
161,1 : 過去半年以内,19,2 : 女性,3 : 関東地方,1,Q3,2,0,200,170,0,1,0,0,0,1,788
161,1 : 過去半年以内,19,2 : 女性,3 : 関東地方,1,Q4,2,0,220,200,0,1,0,0,0,1,789
161,1 : 過去半年以内,19,2 : 女性,3 : 関東地方,1,Q5,1,0,190,210,0,1,0,0,0,1,790
162,1 : 過去半年以内,20,2 : 女性,3 : 関東地方,1,Q1,2,0,200,200,0,1,0,0,0,1,791
162,1 : 過去半年以内,20,2 : 女性,3 : 関東地方,1,Q2,2,0,180,200,0,1,0,0,0,1,792
162,1 : 過去半年以内,20,2 : 女性,3 : 関東地方,1,Q3,2,0,200,170,0,1,0,0,0,1,793
162,1 : 過去半年以内,20,2 : 女性,3 : 関東地方,1,Q4,2,0,220,200,0,1,0,0,0,1,794
162,1 : 過去半年以内,20,2 : 女性,3 : 関東地方,1,Q5,1,0,190,210,0,1,0,0,0,1,795
163,1 : 過去半年以内,19,1 : 男性,3 : 関東地方,1,Q1,1,0,200,200,0,1,0,0,0,1,796
163,1 : 過去半年以内,19,1 : 男性,3 : 関東地方,1,Q2,1,0,180,200,0,1,0,0,0,1,797
163,1 : 過去半年以内,19,1 : 男性,3 : 関東地方,1,Q3,2,0,200,170,0,1,0,0,0,1,798
163,1 : 過去半年以内,19,1 : 男性,3 : 関東地方,1,Q4,0,0,220,200,0,1,0,0,0,1,799
163,1 : 過去半年以内,19,1 : 男性,3 : 関東地方,1,Q5,1,0,190,210,0,1,0,0,0,1,800
164,1 : 過去半年以内,19,2 : 女性,3 : 関東地方,1,Q1,2,0,200,200,0,1,0,0,0,1,801
164,1 : 過去半年以内,19,2 : 女性,3 : 関東地方,1,Q2,2,0,180,200,0,1,0,0,0,1,802
164,1 : 過去半年以内,19,2 : 女性,3 : 関東地方,1,Q3,2,0,200,170,0,1,0,0,0,1,803
164,1 : 過去半年以内,19,2 : 女性,3 : 関東地方,1,Q4,2,0,220,200,0,1,0,0,0,1,804
164,1 : 過去半年以内,19,2 : 女性,3 : 関東地方,1,Q5,2,0,190,210,0,1,0,0,0,1,805
165,3 : １年以上前,19,1 : 男性,3 : 関東地方,1,Q1,2,0,200,200,0,1,0,0,0,1,806
165,3 : １年以上前,19,1 : 男性,3 : 関東地方,1,Q2,2,0,180,200,0,1,0,0,0,1,807
165,3 : １年以上前,19,1 : 男性,3 : 関東地方,1,Q3,2,0,200,170,0,1,0,0,0,1,808
165,3 : １年以上前,19,1 : 男性,3 : 関東地方,1,Q4,2,0,220,200,0,1,0,0,0,1,809
165,3 : １年以上前,19,1 : 男性,3 : 関東地方,1,Q5,0,0,190,210,0,1,0,0,0,1,810
166,1 : 過去半年以内,19,1 : 男性,3 : 関東地方,1,Q1,2,0,200,200,0,1,0,0,0,1,811
166,1 : 過去半年以内,19,1 : 男性,3 : 関東地方,1,Q2,2,0,180,200,0,1,0,0,0,1,812
166,1 : 過去半年以内,19,1 : 男性,3 : 関東地方,1,Q3,2,0,200,170,0,1,0,0,0,1,813
166,1 : 過去半年以内,19,1 : 男性,3 : 関東地方,1,Q4,2,0,220,200,0,1,0,0,0,1,814
166,1 : 過去半年以内,19,1 : 男性,3 : 関東地方,1,Q5,2,0,190,210,0,1,0,0,0,1,815
167,1 : 過去半年以内,19,1 : 男性,3 : 関東地方,1,Q1,2,0,200,200,0,1,0,0,0,1,816
167,1 : 過去半年以内,19,1 : 男性,3 : 関東地方,1,Q2,2,0,180,200,0,1,0,0,0,1,817
167,1 : 過去半年以内,19,1 : 男性,3 : 関東地方,1,Q3,2,0,200,170,0,1,0,0,0,1,818
167,1 : 過去半年以内,19,1 : 男性,3 : 関東地方,1,Q4,2,0,220,200,0,1,0,0,0,1,819
167,1 : 過去半年以内,19,1 : 男性,3 : 関東地方,1,Q5,2,0,190,210,0,1,0,0,0,1,820
168,2 : 過去半年から１年以内,19,1 : 男性,3 : 関東地方,1,Q1,2,0,200,200,0,1,0,0,0,1,821
168,2 : 過去半年から１年以内,19,1 : 男性,3 : 関東地方,1,Q2,1,0,180,200,0,1,0,0,0,1,822
168,2 : 過去半年から１年以内,19,1 : 男性,3 : 関東地方,1,Q3,2,0,200,170,0,1,0,0,0,1,823
168,2 : 過去半年から１年以内,19,1 : 男性,3 : 関東地方,1,Q4,2,0,220,200,0,1,0,0,0,1,824
168,2 : 過去半年から１年以内,19,1 : 男性,3 : 関東地方,1,Q5,1,0,190,210,0,1,0,0,0,1,825
169,3 : １年以上前,19,1 : 男性,3 : 関東地方,0,Q1,2,0,200,200,0,1,0,0,0,1,826
169,3 : １年以上前,19,1 : 男性,3 : 関東地方,0,Q2,2,0,180,200,0,1,0,0,0,1,827
169,3 : １年以上前,19,1 : 男性,3 : 関東地方,0,Q3,2,0,200,170,0,1,0,0,0,1,828
169,3 : １年以上前,19,1 : 男性,3 : 関東地方,0,Q4,2,0,220,200,0,1,0,0,0,1,829
169,3 : １年以上前,19,1 : 男性,3 : 関東地方,0,Q5,2,0,190,210,0,1,0,0,0,1,830
170,3 : １年以上前,20,1 : 男性,3 : 関東地方,1,Q1,2,0,200,200,0,1,0,0,0,1,831
170,3 : １年以上前,20,1 : 男性,3 : 関東地方,1,Q2,1,0,180,200,0,1,0,0,0,1,832
170,3 : １年以上前,20,1 : 男性,3 : 関東地方,1,Q3,2,0,200,170,0,1,0,0,0,1,833
170,3 : １年以上前,20,1 : 男性,3 : 関東地方,1,Q4,2,0,220,200,0,1,0,0,0,1,834
170,3 : １年以上前,20,1 : 男性,3 : 関東地方,1,Q5,1,0,190,210,0,1,0,0,0,1,835
171,3 : １年以上前,20,1 : 男性,3 : 関東地方,1,Q1,0,0,200,200,0,1,0,0,0,1,836
171,3 : １年以上前,20,1 : 男性,3 : 関東地方,1,Q2,0,0,180,200,0,1,0,0,0,1,837
171,3 : １年以上前,20,1 : 男性,3 : 関東地方,1,Q3,0,0,200,170,0,1,0,0,0,1,838
171,3 : １年以上前,20,1 : 男性,3 : 関東地方,1,Q4,0,0,220,200,0,1,0,0,0,1,839
171,3 : １年以上前,20,1 : 男性,3 : 関東地方,1,Q5,0,0,190,210,0,1,0,0,0,1,840
172,1 : 過去半年以内,19,1 : 男性,3 : 関東地方,1,Q1,2,0,200,200,0,1,0,0,0,1,841
172,1 : 過去半年以内,19,1 : 男性,3 : 関東地方,1,Q2,1,0,180,200,0,1,0,0,0,1,842
172,1 : 過去半年以内,19,1 : 男性,3 : 関東地方,1,Q3,2,0,200,170,0,1,0,0,0,1,843
172,1 : 過去半年以内,19,1 : 男性,3 : 関東地方,1,Q4,1,0,220,200,0,1,0,0,0,1,844
172,1 : 過去半年以内,19,1 : 男性,3 : 関東地方,1,Q5,1,0,190,210,0,1,0,0,0,1,845
173,1 : 過去半年以内,19,1 : 男性,3 : 関東地方,1,Q1,2,0,200,200,0,1,0,0,0,1,846
173,1 : 過去半年以内,19,1 : 男性,3 : 関東地方,1,Q2,1,0,180,200,0,1,0,0,0,1,847
173,1 : 過去半年以内,19,1 : 男性,3 : 関東地方,1,Q3,2,0,200,170,0,1,0,0,0,1,848
173,1 : 過去半年以内,19,1 : 男性,3 : 関東地方,1,Q4,2,0,220,200,0,1,0,0,0,1,849
173,1 : 過去半年以内,19,1 : 男性,3 : 関東地方,1,Q5,1,0,190,210,0,1,0,0,0,1,850
174,1 : 過去半年以内,20,2 : 女性,2 : 東北地方,0,Q1,0,0,200,200,0,1,0,0,0,1,851
174,1 : 過去半年以内,20,2 : 女性,2 : 東北地方,0,Q2,1,0,180,200,0,1,0,0,0,1,852
174,1 : 過去半年以内,20,2 : 女性,2 : 東北地方,0,Q3,2,0,200,170,0,1,0,0,0,1,853
174,1 : 過去半年以内,20,2 : 女性,2 : 東北地方,0,Q4,0,0,220,200,0,1,0,0,0,1,854
174,1 : 過去半年以内,20,2 : 女性,2 : 東北地方,0,Q5,1,0,190,210,0,1,0,0,0,1,855
175,2 : 過去半年から１年以内,20,1 : 男性,3 : 関東地方,1,Q1,2,0,200,200,0,1,0,0,0,1,856
175,2 : 過去半年から１年以内,20,1 : 男性,3 : 関東地方,1,Q2,1,0,180,200,0,1,0,0,0,1,857
175,2 : 過去半年から１年以内,20,1 : 男性,3 : 関東地方,1,Q3,2,0,200,170,0,1,0,0,0,1,858
175,2 : 過去半年から１年以内,20,1 : 男性,3 : 関東地方,1,Q4,2,0,220,200,0,1,0,0,0,1,859
175,2 : 過去半年から１年以内,20,1 : 男性,3 : 関東地方,1,Q5,1,0,190,210,0,1,0,0,0,1,860
176,1 : 過去半年以内,19,1 : 男性,3 : 関東地方,1,Q1,1,0,200,200,0,1,0,0,0,1,861
176,1 : 過去半年以内,19,1 : 男性,3 : 関東地方,1,Q2,1,0,180,200,0,1,0,0,0,1,862
176,1 : 過去半年以内,19,1 : 男性,3 : 関東地方,1,Q3,2,0,200,170,0,1,0,0,0,1,863
176,1 : 過去半年以内,19,1 : 男性,3 : 関東地方,1,Q4,2,0,220,200,0,1,0,0,0,1,864
176,1 : 過去半年以内,19,1 : 男性,3 : 関東地方,1,Q5,1,0,190,210,0,1,0,0,0,1,865
177,3 : １年以上前,20,1 : 男性,3 : 関東地方,1,Q1,2,0,200,200,0,1,0,0,0,1,866
177,3 : １年以上前,20,1 : 男性,3 : 関東地方,1,Q2,0,0,180,200,0,1,0,0,0,1,867
177,3 : １年以上前,20,1 : 男性,3 : 関東地方,1,Q3,2,0,200,170,0,1,0,0,0,1,868
177,3 : １年以上前,20,1 : 男性,3 : 関東地方,1,Q4,2,0,220,200,0,1,0,0,0,1,869
177,3 : １年以上前,20,1 : 男性,3 : 関東地方,1,Q5,0,0,190,210,0,1,0,0,0,1,870
178,1 : 過去半年以内,19,1 : 男性,7 : 四国地方,0,Q1,2,0,200,200,0,1,0,0,0,1,871
178,1 : 過去半年以内,19,1 : 男性,7 : 四国地方,0,Q2,0,0,180,200,0,1,0,0,0,1,872
178,1 : 過去半年以内,19,1 : 男性,7 : 四国地方,0,Q3,2,0,200,170,0,1,0,0,0,1,873
178,1 : 過去半年以内,19,1 : 男性,7 : 四国地方,0,Q4,2,0,220,200,0,1,0,0,0,1,874
178,1 : 過去半年以内,19,1 : 男性,7 : 四国地方,0,Q5,0,0,190,210,0,1,0,0,0,1,875
179,3 : １年以上前,19,1 : 男性,3 : 関東地方,1,Q1,2,0,200,200,0,1,0,0,0,1,876
179,3 : １年以上前,19,1 : 男性,3 : 関東地方,1,Q2,2,0,180,200,0,1,0,0,0,1,877
179,3 : １年以上前,19,1 : 男性,3 : 関東地方,1,Q3,2,0,200,170,0,1,0,0,0,1,878
179,3 : １年以上前,19,1 : 男性,3 : 関東地方,1,Q4,2,0,220,200,0,1,0,0,0,1,879
179,3 : １年以上前,19,1 : 男性,3 : 関東地方,1,Q5,2,0,190,210,0,1,0,0,0,1,880
180,3 : １年以上前,20,1 : 男性,1 : 北海道地方,0,Q1,0,0,200,200,0,1,0,0,0,1,881
180,3 : １年以上前,20,1 : 男性,1 : 北海道地方,0,Q2,0,0,180,200,0,1,0,0,0,1,882
180,3 : １年以上前,20,1 : 男性,1 : 北海道地方,0,Q3,2,0,200,170,0,1,0,0,0,1,883
180,3 : １年以上前,20,1 : 男性,1 : 北海道地方,0,Q4,0,0,220,200,0,1,0,0,0,1,884
180,3 : １年以上前,20,1 : 男性,1 : 北海道地方,0,Q5,0,0,190,210,0,1,0,0,0,1,885
181,1 : 過去半年以内,19,1 : 男性,3 : 関東地方,1,Q1,2,0,200,200,0,1,0,0,0,1,886
181,1 : 過去半年以内,19,1 : 男性,3 : 関東地方,1,Q2,2,0,180,200,0,1,0,0,0,1,887
181,1 : 過去半年以内,19,1 : 男性,3 : 関東地方,1,Q3,2,0,200,170,0,1,0,0,0,1,888
181,1 : 過去半年以内,19,1 : 男性,3 : 関東地方,1,Q4,2,0,220,200,0,1,0,0,0,1,889
181,1 : 過去半年以内,19,1 : 男性,3 : 関東地方,1,Q5,2,0,190,210,0,1,0,0,0,1,890
182,1 : 過去半年以内,19,1 : 男性,8 : 九州地方(沖縄含む),0,Q1,0,0,200,200,0,1,0,0,0,1,891
182,1 : 過去半年以内,19,1 : 男性,8 : 九州地方(沖縄含む),0,Q2,1,0,180,200,0,1,0,0,0,1,892
182,1 : 過去半年以内,19,1 : 男性,8 : 九州地方(沖縄含む),0,Q3,0,0,200,170,0,1,0,0,0,1,893
182,1 : 過去半年以内,19,1 : 男性,8 : 九州地方(沖縄含む),0,Q4,0,0,220,200,0,1,0,0,0,1,894
182,1 : 過去半年以内,19,1 : 男性,8 : 九州地方(沖縄含む),0,Q5,1,0,190,210,0,1,0,0,0,1,895
183,1 : 過去半年以内,19,2 : 女性,3 : 関東地方,1,Q1,2,0,200,200,0,1,0,0,0,1,896
183,1 : 過去半年以内,19,2 : 女性,3 : 関東地方,1,Q2,2,0,180,200,0,1,0,0,0,1,897
183,1 : 過去半年以内,19,2 : 女性,3 : 関東地方,1,Q3,2,0,200,170,0,1,0,0,0,1,898
183,1 : 過去半年以内,19,2 : 女性,3 : 関東地方,1,Q4,2,0,220,200,0,1,0,0,0,1,899
183,1 : 過去半年以内,19,2 : 女性,3 : 関東地方,1,Q5,1,0,190,210,0,1,0,0,0,1,900
184,1 : 過去半年以内,19,1 : 男性,3 : 関東地方,1,Q1,2,0,200,200,0,1,0,0,0,1,901
184,1 : 過去半年以内,19,1 : 男性,3 : 関東地方,1,Q2,1,0,180,200,0,1,0,0,0,1,902
184,1 : 過去半年以内,19,1 : 男性,3 : 関東地方,1,Q3,2,0,200,170,0,1,0,0,0,1,903
184,1 : 過去半年以内,19,1 : 男性,3 : 関東地方,1,Q4,0,0,220,200,0,1,0,0,0,1,904
184,1 : 過去半年以内,19,1 : 男性,3 : 関東地方,1,Q5,0,0,190,210,0,1,0,0,0,1,905
185,1 : 過去半年以内,19,1 : 男性,3 : 関東地方,1,Q1,2,0,200,200,0,1,0,0,0,1,906
185,1 : 過去半年以内,19,1 : 男性,3 : 関東地方,1,Q2,1,0,180,200,0,1,0,0,0,1,907
185,1 : 過去半年以内,19,1 : 男性,3 : 関東地方,1,Q3,2,0,200,170,0,1,0,0,0,1,908
185,1 : 過去半年以内,19,1 : 男性,3 : 関東地方,1,Q4,2,0,220,200,0,1,0,0,0,1,909
185,1 : 過去半年以内,19,1 : 男性,3 : 関東地方,1,Q5,2,0,190,210,0,1,0,0,0,1,910
186,1 : 過去半年以内,19,2 : 女性,3 : 関東地方,1,Q1,2,0,200,200,0,1,0,0,0,1,911
186,1 : 過去半年以内,19,2 : 女性,3 : 関東地方,1,Q2,1,0,180,200,0,1,0,0,0,1,912
186,1 : 過去半年以内,19,2 : 女性,3 : 関東地方,1,Q3,2,0,200,170,0,1,0,0,0,1,913
186,1 : 過去半年以内,19,2 : 女性,3 : 関東地方,1,Q4,2,0,220,200,0,1,0,0,0,1,914
186,1 : 過去半年以内,19,2 : 女性,3 : 関東地方,1,Q5,1,0,190,210,0,1,0,0,0,1,915
187,1 : 過去半年以内,19,1 : 男性,3 : 関東地方,1,Q1,2,0,200,200,0,1,0,0,0,1,916
187,1 : 過去半年以内,19,1 : 男性,3 : 関東地方,1,Q2,2,0,180,200,0,1,0,0,0,1,917
187,1 : 過去半年以内,19,1 : 男性,3 : 関東地方,1,Q3,2,0,200,170,0,1,0,0,0,1,918
187,1 : 過去半年以内,19,1 : 男性,3 : 関東地方,1,Q4,2,0,220,200,0,1,0,0,0,1,919
187,1 : 過去半年以内,19,1 : 男性,3 : 関東地方,1,Q5,2,0,190,210,0,1,0,0,0,1,920
188,1 : 過去半年以内,19,1 : 男性,3 : 関東地方,1,Q1,2,0,200,200,0,1,0,0,0,1,921
188,1 : 過去半年以内,19,1 : 男性,3 : 関東地方,1,Q2,2,0,180,200,0,1,0,0,0,1,922
188,1 : 過去半年以内,19,1 : 男性,3 : 関東地方,1,Q3,2,0,200,170,0,1,0,0,0,1,923
188,1 : 過去半年以内,19,1 : 男性,3 : 関東地方,1,Q4,2,0,220,200,0,1,0,0,0,1,924
188,1 : 過去半年以内,19,1 : 男性,3 : 関東地方,1,Q5,2,0,190,210,0,1,0,0,0,1,925
189,1 : 過去半年以内,19,1 : 男性,3 : 関東地方,1,Q1,2,0,200,200,0,1,0,0,0,1,926
189,1 : 過去半年以内,19,1 : 男性,3 : 関東地方,1,Q2,1,0,180,200,0,1,0,0,0,1,927
189,1 : 過去半年以内,19,1 : 男性,3 : 関東地方,1,Q3,2,0,200,170,0,1,0,0,0,1,928
189,1 : 過去半年以内,19,1 : 男性,3 : 関東地方,1,Q4,0,0,220,200,0,1,0,0,0,1,929
189,1 : 過去半年以内,19,1 : 男性,3 : 関東地方,1,Q5,1,0,190,210,0,1,0,0,0,1,930
190,1 : 過去半年以内,19,1 : 男性,3 : 関東地方,1,Q1,2,0,200,200,0,1,0,0,0,1,931
190,1 : 過去半年以内,19,1 : 男性,3 : 関東地方,1,Q2,2,0,180,200,0,1,0,0,0,1,932
190,1 : 過去半年以内,19,1 : 男性,3 : 関東地方,1,Q3,2,0,200,170,0,1,0,0,0,1,933
190,1 : 過去半年以内,19,1 : 男性,3 : 関東地方,1,Q4,2,0,220,200,0,1,0,0,0,1,934
190,1 : 過去半年以内,19,1 : 男性,3 : 関東地方,1,Q5,0,0,190,210,0,1,0,0,0,1,935
191,1 : 過去半年以内,19,2 : 女性,3 : 関東地方,1,Q1,1,0,200,200,0,1,0,0,0,1,936
191,1 : 過去半年以内,19,2 : 女性,3 : 関東地方,1,Q2,1,0,180,200,0,1,0,0,0,1,937
191,1 : 過去半年以内,19,2 : 女性,3 : 関東地方,1,Q3,2,0,200,170,0,1,0,0,0,1,938
191,1 : 過去半年以内,19,2 : 女性,3 : 関東地方,1,Q4,0,0,220,200,0,1,0,0,0,1,939
191,1 : 過去半年以内,19,2 : 女性,3 : 関東地方,1,Q5,1,0,190,210,0,1,0,0,0,1,940
192,2 : 過去半年から１年以内,19,1 : 男性,3 : 関東地方,1,Q1,0,0,200,200,0,1,0,0,0,1,941
192,2 : 過去半年から１年以内,19,1 : 男性,3 : 関東地方,1,Q2,0,0,180,200,0,1,0,0,0,1,942
192,2 : 過去半年から１年以内,19,1 : 男性,3 : 関東地方,1,Q3,2,0,200,170,0,1,0,0,0,1,943
192,2 : 過去半年から１年以内,19,1 : 男性,3 : 関東地方,1,Q4,0,0,220,200,0,1,0,0,0,1,944
192,2 : 過去半年から１年以内,19,1 : 男性,3 : 関東地方,1,Q5,0,0,190,210,0,1,0,0,0,1,945
193,1 : 過去半年以内,19,1 : 男性,4 : 中部地方,0,Q1,1,0,200,200,0,1,0,0,0,1,946
193,1 : 過去半年以内,19,1 : 男性,4 : 中部地方,0,Q2,1,0,180,200,0,1,0,0,0,1,947
193,1 : 過去半年以内,19,1 : 男性,4 : 中部地方,0,Q3,1,0,200,170,0,1,0,0,0,1,948
193,1 : 過去半年以内,19,1 : 男性,4 : 中部地方,0,Q4,1,0,220,200,0,1,0,0,0,1,949
193,1 : 過去半年以内,19,1 : 男性,4 : 中部地方,0,Q5,1,0,190,210,0,1,0,0,0,1,950
194,1 : 過去半年以内,19,2 : 女性,3 : 関東地方,1,Q1,2,0,200,200,0,1,0,0,0,1,951
194,1 : 過去半年以内,19,2 : 女性,3 : 関東地方,1,Q2,0,0,180,200,0,1,0,0,0,1,952
194,1 : 過去半年以内,19,2 : 女性,3 : 関東地方,1,Q3,2,0,200,170,0,1,0,0,0,1,953
194,1 : 過去半年以内,19,2 : 女性,3 : 関東地方,1,Q4,2,0,220,200,0,1,0,0,0,1,954
194,1 : 過去半年以内,19,2 : 女性,3 : 関東地方,1,Q5,0,0,190,210,0,1,0,0,0,1,955
195,3 : １年以上前,21,3 : 回答したくない,3 : 関東地方,1,Q1,1,0,200,200,0,1,0,0,0,1,956
195,3 : １年以上前,21,3 : 回答したくない,3 : 関東地方,1,Q2,1,0,180,200,0,1,0,0,0,1,957
195,3 : １年以上前,21,3 : 回答したくない,3 : 関東地方,1,Q3,0,0,200,170,0,1,0,0,0,1,958
195,3 : １年以上前,21,3 : 回答したくない,3 : 関東地方,1,Q4,0,0,220,200,0,1,0,0,0,1,959
195,3 : １年以上前,21,3 : 回答したくない,3 : 関東地方,1,Q5,1,0,190,210,0,1,0,0,0,1,960
196,1 : 過去半年以内,19,2 : 女性,4 : 中部地方,0,Q1,2,0,200,200,0,1,0,0,0,1,961
196,1 : 過去半年以内,19,2 : 女性,4 : 中部地方,0,Q2,1,0,180,200,0,1,0,0,0,1,962
196,1 : 過去半年以内,19,2 : 女性,4 : 中部地方,0,Q3,2,0,200,170,0,1,0,0,0,1,963
196,1 : 過去半年以内,19,2 : 女性,4 : 中部地方,0,Q4,2,0,220,200,0,1,0,0,0,1,964
196,1 : 過去半年以内,19,2 : 女性,4 : 中部地方,0,Q5,1,0,190,210,0,1,0,0,0,1,965
197,3 : １年以上前,19,1 : 男性,3 : 関東地方,1,Q1,0,0,200,200,0,1,0,0,0,1,966
197,3 : １年以上前,19,1 : 男性,3 : 関東地方,1,Q2,0,0,180,200,0,1,0,0,0,1,967
197,3 : １年以上前,19,1 : 男性,3 : 関東地方,1,Q3,0,0,200,170,0,1,0,0,0,1,968
197,3 : １年以上前,19,1 : 男性,3 : 関東地方,1,Q4,0,0,220,200,0,1,0,0,0,1,969
197,3 : １年以上前,19,1 : 男性,3 : 関東地方,1,Q5,0,0,190,210,0,1,0,0,0,1,970
198,1 : 過去半年以内,20,2 : 女性,7 : 四国地方,0,Q1,0,0,200,200,0,1,0,0,0,1,971
198,1 : 過去半年以内,20,2 : 女性,7 : 四国地方,0,Q2,1,0,180,200,0,1,0,0,0,1,972
198,1 : 過去半年以内,20,2 : 女性,7 : 四国地方,0,Q3,2,0,200,170,0,1,0,0,0,1,973
198,1 : 過去半年以内,20,2 : 女性,7 : 四国地方,0,Q4,2,0,220,200,0,1,0,0,0,1,974
198,1 : 過去半年以内,20,2 : 女性,7 : 四国地方,0,Q5,1,0,190,210,0,1,0,0,0,1,975
199,1 : 過去半年以内,19,2 : 女性,3 : 関東地方,1,Q1,2,0,200,200,0,1,0,0,0,1,976
199,1 : 過去半年以内,19,2 : 女性,3 : 関東地方,1,Q2,1,0,180,200,0,1,0,0,0,1,977
199,1 : 過去半年以内,19,2 : 女性,3 : 関東地方,1,Q3,2,0,200,170,0,1,0,0,0,1,978
199,1 : 過去半年以内,19,2 : 女性,3 : 関東地方,1,Q4,2,0,220,200,0,1,0,0,0,1,979
199,1 : 過去半年以内,19,2 : 女性,3 : 関東地方,1,Q5,1,0,190,210,0,1,0,0,0,1,980
200,1 : 過去半年以内,19,1 : 男性,3 : 関東地方,1,Q1,0,0,200,200,0,1,0,0,0,1,981
200,1 : 過去半年以内,19,1 : 男性,3 : 関東地方,1,Q2,0,0,180,200,0,1,0,0,0,1,982
200,1 : 過去半年以内,19,1 : 男性,3 : 関東地方,1,Q3,2,0,200,170,0,1,0,0,0,1,983
200,1 : 過去半年以内,19,1 : 男性,3 : 関東地方,1,Q4,2,0,220,200,0,1,0,0,0,1,984
200,1 : 過去半年以内,19,1 : 男性,3 : 関東地方,1,Q5,0,0,190,210,0,1,0,0,0,1,985
201,3 : １年以上前,19,1 : 男性,3 : 関東地方,1,Q1,2,0,200,200,0,1,0,0,0,1,986
201,3 : １年以上前,19,1 : 男性,3 : 関東地方,1,Q2,2,0,180,200,0,1,0,0,0,1,987
201,3 : １年以上前,19,1 : 男性,3 : 関東地方,1,Q3,2,0,200,170,0,1,0,0,0,1,988
201,3 : １年以上前,19,1 : 男性,3 : 関東地方,1,Q4,2,0,220,200,0,1,0,0,0,1,989
201,3 : １年以上前,19,1 : 男性,3 : 関東地方,1,Q5,0,0,190,210,0,1,0,0,0,1,990
202,2 : 過去半年から１年以内,19,1 : 男性,3 : 関東地方,1,Q1,2,0,200,200,0,1,0,0,0,1,991
202,2 : 過去半年から１年以内,19,1 : 男性,3 : 関東地方,1,Q2,1,0,180,200,0,1,0,0,0,1,992
202,2 : 過去半年から１年以内,19,1 : 男性,3 : 関東地方,1,Q3,2,0,200,170,0,1,0,0,0,1,993
202,2 : 過去半年から１年以内,19,1 : 男性,3 : 関東地方,1,Q4,2,0,220,200,0,1,0,0,0,1,994
202,2 : 過去半年から１年以内,19,1 : 男性,3 : 関東地方,1,Q5,1,0,190,210,0,1,0,0,0,1,995
203,1 : 過去半年以内,19,1 : 男性,3 : 関東地方,1,Q1,2,0,200,200,0,1,0,0,0,1,996
203,1 : 過去半年以内,19,1 : 男性,3 : 関東地方,1,Q2,1,0,180,200,0,1,0,0,0,1,997
203,1 : 過去半年以内,19,1 : 男性,3 : 関東地方,1,Q3,2,0,200,170,0,1,0,0,0,1,998
203,1 : 過去半年以内,19,1 : 男性,3 : 関東地方,1,Q4,2,0,220,200,0,1,0,0,0,1,999
203,1 : 過去半年以内,19,1 : 男性,3 : 関東地方,1,Q5,1,0,190,210,0,1,0,0,0,1,1000
204,1 : 過去半年以内,19,2 : 女性,3 : 関東地方,1,Q1,1,0,200,200,0,1,0,0,0,1,1001
204,1 : 過去半年以内,19,2 : 女性,3 : 関東地方,1,Q2,1,0,180,200,0,1,0,0,0,1,1002
204,1 : 過去半年以内,19,2 : 女性,3 : 関東地方,1,Q3,1,0,200,170,0,1,0,0,0,1,1003
204,1 : 過去半年以内,19,2 : 女性,3 : 関東地方,1,Q4,1,0,220,200,0,1,0,0,0,1,1004
204,1 : 過去半年以内,19,2 : 女性,3 : 関東地方,1,Q5,1,0,190,210,0,1,0,0,0,1,1005
205,1 : 過去半年以内,20,1 : 男性,3 : 関東地方,1,Q1,2,0,200,200,0,1,0,0,0,1,1006
205,1 : 過去半年以内,20,1 : 男性,3 : 関東地方,1,Q2,2,0,180,200,0,1,0,0,0,1,1007
205,1 : 過去半年以内,20,1 : 男性,3 : 関東地方,1,Q3,2,0,200,170,0,1,0,0,0,1,1008
205,1 : 過去半年以内,20,1 : 男性,3 : 関東地方,1,Q4,2,0,220,200,0,1,0,0,0,1,1009
205,1 : 過去半年以内,20,1 : 男性,3 : 関東地方,1,Q5,2,0,190,210,0,1,0,0,0,1,1010
206,1 : 過去半年以内,19,1 : 男性,3 : 関東地方,1,Q1,0,0,200,200,0,1,0,0,0,1,1011
206,1 : 過去半年以内,19,1 : 男性,3 : 関東地方,1,Q2,0,0,180,200,0,1,0,0,0,1,1012
206,1 : 過去半年以内,19,1 : 男性,3 : 関東地方,1,Q3,2,0,200,170,0,1,0,0,0,1,1013
206,1 : 過去半年以内,19,1 : 男性,3 : 関東地方,1,Q4,0,0,220,200,0,1,0,0,0,1,1014
206,1 : 過去半年以内,19,1 : 男性,3 : 関東地方,1,Q5,0,0,190,210,0,1,0,0,0,1,1015
207,1 : 過去半年以内,19,2 : 女性,4 : 中部地方,0,Q1,2,0,200,200,0,1,0,0,0,1,1016
207,1 : 過去半年以内,19,2 : 女性,4 : 中部地方,0,Q2,1,0,180,200,0,1,0,0,0,1,1017
207,1 : 過去半年以内,19,2 : 女性,4 : 中部地方,0,Q3,2,0,200,170,0,1,0,0,0,1,1018
207,1 : 過去半年以内,19,2 : 女性,4 : 中部地方,0,Q4,0,0,220,200,0,1,0,0,0,1,1019
207,1 : 過去半年以内,19,2 : 女性,4 : 中部地方,0,Q5,1,0,190,210,0,1,0,0,0,1,1020
208,2 : 過去半年から１年以内,19,1 : 男性,3 : 関東地方,1,Q1,1,0,200,200,0,1,0,0,0,1,1021
208,2 : 過去半年から１年以内,19,1 : 男性,3 : 関東地方,1,Q2,2,0,180,200,0,1,0,0,0,1,1022
208,2 : 過去半年から１年以内,19,1 : 男性,3 : 関東地方,1,Q3,2,0,200,170,0,1,0,0,0,1,1023
208,2 : 過去半年から１年以内,19,1 : 男性,3 : 関東地方,1,Q4,2,0,220,200,0,1,0,0,0,1,1024
208,2 : 過去半年から１年以内,19,1 : 男性,3 : 関東地方,1,Q5,2,0,190,210,0,1,0,0,0,1,1025
209,2 : 過去半年から１年以内,19,2 : 女性,3 : 関東地方,1,Q1,1,0,200,200,0,1,0,0,0,1,1026
209,2 : 過去半年から１年以内,19,2 : 女性,3 : 関東地方,1,Q2,1,0,180,200,0,1,0,0,0,1,1027
209,2 : 過去半年から１年以内,19,2 : 女性,3 : 関東地方,1,Q3,2,0,200,170,0,1,0,0,0,1,1028
209,2 : 過去半年から１年以内,19,2 : 女性,3 : 関東地方,1,Q4,2,0,220,200,0,1,0,0,0,1,1029
209,2 : 過去半年から１年以内,19,2 : 女性,3 : 関東地方,1,Q5,1,0,190,210,0,1,0,0,0,1,1030
210,2 : 過去半年から１年以内,19,1 : 男性,3 : 関東地方,1,Q1,2,0,200,200,0,1,0,0,0,1,1031
210,2 : 過去半年から１年以内,19,1 : 男性,3 : 関東地方,1,Q2,1,0,180,200,0,1,0,0,0,1,1032
210,2 : 過去半年から１年以内,19,1 : 男性,3 : 関東地方,1,Q3,2,0,200,170,0,1,0,0,0,1,1033
210,2 : 過去半年から１年以内,19,1 : 男性,3 : 関東地方,1,Q4,2,0,220,200,0,1,0,0,0,1,1034
210,2 : 過去半年から１年以内,19,1 : 男性,3 : 関東地方,1,Q5,2,0,190,210,0,1,0,0,0,1,1035
211,1 : 過去半年以内,19,2 : 女性,5 : 近畿地方,0,Q1,2,0,200,200,0,1,0,0,0,1,1036
211,1 : 過去半年以内,19,2 : 女性,5 : 近畿地方,0,Q2,1,0,180,200,0,1,0,0,0,1,1037
211,1 : 過去半年以内,19,2 : 女性,5 : 近畿地方,0,Q3,2,0,200,170,0,1,0,0,0,1,1038
211,1 : 過去半年以内,19,2 : 女性,5 : 近畿地方,0,Q4,2,0,220,200,0,1,0,0,0,1,1039
211,1 : 過去半年以内,19,2 : 女性,5 : 近畿地方,0,Q5,1,0,190,210,0,1,0,0,0,1,1040
213,1 : 過去半年以内,19,1 : 男性,3 : 関東地方,1,Q1,2,0,200,200,0,1,0,0,0,1,1041
213,1 : 過去半年以内,19,1 : 男性,3 : 関東地方,1,Q2,1,0,180,200,0,1,0,0,0,1,1042
213,1 : 過去半年以内,19,1 : 男性,3 : 関東地方,1,Q3,2,0,200,170,0,1,0,0,0,1,1043
213,1 : 過去半年以内,19,1 : 男性,3 : 関東地方,1,Q4,2,0,220,200,0,1,0,0,0,1,1044
213,1 : 過去半年以内,19,1 : 男性,3 : 関東地方,1,Q5,1,0,190,210,0,1,0,0,0,1,1045
214,1 : 過去半年以内,19,2 : 女性,3 : 関東地方,0,Q1,2,0,200,200,0,1,0,0,0,1,1046
214,1 : 過去半年以内,19,2 : 女性,3 : 関東地方,0,Q2,1,0,180,200,0,1,0,0,0,1,1047
214,1 : 過去半年以内,19,2 : 女性,3 : 関東地方,0,Q3,2,0,200,170,0,1,0,0,0,1,1048
214,1 : 過去半年以内,19,2 : 女性,3 : 関東地方,0,Q4,2,0,220,200,0,1,0,0,0,1,1049
214,1 : 過去半年以内,19,2 : 女性,3 : 関東地方,0,Q5,1,0,190,210,0,1,0,0,0,1,1050
215,1 : 過去半年以内,19,1 : 男性,5 : 近畿地方,0,Q1,2,0,200,200,0,1,0,0,0,1,1051
215,1 : 過去半年以内,19,1 : 男性,5 : 近畿地方,0,Q2,1,0,180,200,0,1,0,0,0,1,1052
215,1 : 過去半年以内,19,1 : 男性,5 : 近畿地方,0,Q3,2,0,200,170,0,1,0,0,0,1,1053
215,1 : 過去半年以内,19,1 : 男性,5 : 近畿地方,0,Q4,2,0,220,200,0,1,0,0,0,1,1054
215,1 : 過去半年以内,19,1 : 男性,5 : 近畿地方,0,Q5,2,0,190,210,0,1,0,0,0,1,1055
216,1 : 過去半年以内,19,1 : 男性,3 : 関東地方,1,Q1,2,0,200,200,0,1,0,0,0,1,1056
216,1 : 過去半年以内,19,1 : 男性,3 : 関東地方,1,Q2,1,0,180,200,0,1,0,0,0,1,1057
216,1 : 過去半年以内,19,1 : 男性,3 : 関東地方,1,Q3,2,0,200,170,0,1,0,0,0,1,1058
216,1 : 過去半年以内,19,1 : 男性,3 : 関東地方,1,Q4,2,0,220,200,0,1,0,0,0,1,1059
216,1 : 過去半年以内,19,1 : 男性,3 : 関東地方,1,Q5,2,0,190,210,0,1,0,0,0,1,1060
217,1 : 過去半年以内,20,2 : 女性,3 : 関東地方,1,Q1,2,0,200,200,0,1,0,0,0,1,1061
217,1 : 過去半年以内,20,2 : 女性,3 : 関東地方,1,Q2,2,0,180,200,0,1,0,0,0,1,1062
217,1 : 過去半年以内,20,2 : 女性,3 : 関東地方,1,Q3,2,0,200,170,0,1,0,0,0,1,1063
217,1 : 過去半年以内,20,2 : 女性,3 : 関東地方,1,Q4,2,0,220,200,0,1,0,0,0,1,1064
217,1 : 過去半年以内,20,2 : 女性,3 : 関東地方,1,Q5,2,0,190,210,0,1,0,0,0,1,1065
218,1 : 過去半年以内,19,1 : 男性,3 : 関東地方,1,Q1,0,0,200,200,0,1,0,0,0,1,1066
218,1 : 過去半年以内,19,1 : 男性,3 : 関東地方,1,Q2,0,0,180,200,0,1,0,0,0,1,1067
218,1 : 過去半年以内,19,1 : 男性,3 : 関東地方,1,Q3,2,0,200,170,0,1,0,0,0,1,1068
218,1 : 過去半年以内,19,1 : 男性,3 : 関東地方,1,Q4,0,0,220,200,0,1,0,0,0,1,1069
218,1 : 過去半年以内,19,1 : 男性,3 : 関東地方,1,Q5,0,0,190,210,0,1,0,0,0,1,1070
219,3 : １年以上前,19,1 : 男性,3 : 関東地方,1,Q1,0,0,200,200,0,1,0,0,0,1,1071
219,3 : １年以上前,19,1 : 男性,3 : 関東地方,1,Q2,0,0,180,200,0,1,0,0,0,1,1072
219,3 : １年以上前,19,1 : 男性,3 : 関東地方,1,Q3,0,0,200,170,0,1,0,0,0,1,1073
219,3 : １年以上前,19,1 : 男性,3 : 関東地方,1,Q4,0,0,220,200,0,1,0,0,0,1,1074
219,3 : １年以上前,19,1 : 男性,3 : 関東地方,1,Q5,0,0,190,210,0,1,0,0,0,1,1075
220,3 : １年以上前,19,1 : 男性,3 : 関東地方,1,Q1,0,0,200,200,0,1,0,0,0,1,1076
220,3 : １年以上前,19,1 : 男性,3 : 関東地方,1,Q2,1,0,180,200,0,1,0,0,0,1,1077
220,3 : １年以上前,19,1 : 男性,3 : 関東地方,1,Q3,2,0,200,170,0,1,0,0,0,1,1078
220,3 : １年以上前,19,1 : 男性,3 : 関東地方,1,Q4,2,0,220,200,0,1,0,0,0,1,1079
220,3 : １年以上前,19,1 : 男性,3 : 関東地方,1,Q5,1,0,190,210,0,1,0,0,0,1,1080
221,1 : 過去半年以内,19,1 : 男性,3 : 関東地方,1,Q1,1,0,200,200,0,1,0,0,0,1,1081
221,1 : 過去半年以内,19,1 : 男性,3 : 関東地方,1,Q2,1,0,180,200,0,1,0,0,0,1,1082
221,1 : 過去半年以内,19,1 : 男性,3 : 関東地方,1,Q3,2,0,200,170,0,1,0,0,0,1,1083
221,1 : 過去半年以内,19,1 : 男性,3 : 関東地方,1,Q4,2,0,220,200,0,1,0,0,0,1,1084
221,1 : 過去半年以内,19,1 : 男性,3 : 関東地方,1,Q5,1,0,190,210,0,1,0,0,0,1,1085
223,1 : 過去半年以内,19,1 : 男性,3 : 関東地方,1,Q1,1,0,200,200,0,1,0,0,0,1,1086
223,1 : 過去半年以内,19,1 : 男性,3 : 関東地方,1,Q2,1,0,180,200,0,1,0,0,0,1,1087
223,1 : 過去半年以内,19,1 : 男性,3 : 関東地方,1,Q3,2,0,200,170,0,1,0,0,0,1,1088
223,1 : 過去半年以内,19,1 : 男性,3 : 関東地方,1,Q4,2,0,220,200,0,1,0,0,0,1,1089
223,1 : 過去半年以内,19,1 : 男性,3 : 関東地方,1,Q5,1,0,190,210,0,1,0,0,0,1,1090
224,1 : 過去半年以内,20,2 : 女性,3 : 関東地方,1,Q1,1,0,200,200,0,1,0,0,0,1,1091
224,1 : 過去半年以内,20,2 : 女性,3 : 関東地方,1,Q2,1,0,180,200,0,1,0,0,0,1,1092
224,1 : 過去半年以内,20,2 : 女性,3 : 関東地方,1,Q3,1,0,200,170,0,1,0,0,0,1,1093
224,1 : 過去半年以内,20,2 : 女性,3 : 関東地方,1,Q4,0,0,220,200,0,1,0,0,0,1,1094
224,1 : 過去半年以内,20,2 : 女性,3 : 関東地方,1,Q5,1,0,190,210,0,1,0,0,0,1,1095
225,2 : 過去半年から１年以内,19,2 : 女性,3 : 関東地方,1,Q1,2,0,200,200,0,1,0,0,0,1,1096
225,2 : 過去半年から１年以内,19,2 : 女性,3 : 関東地方,1,Q2,1,0,180,200,0,1,0,0,0,1,1097
225,2 : 過去半年から１年以内,19,2 : 女性,3 : 関東地方,1,Q3,2,0,200,170,0,1,0,0,0,1,1098
225,2 : 過去半年から１年以内,19,2 : 女性,3 : 関東地方,1,Q4,2,0,220,200,0,1,0,0,0,1,1099
225,2 : 過去半年から１年以内,19,2 : 女性,3 : 関東地方,1,Q5,1,0,190,210,0,1,0,0,0,1,1100
226,2 : 過去半年から１年以内,19,1 : 男性,3 : 関東地方,1,Q1,2,0,200,200,0,1,0,0,0,1,1101
226,2 : 過去半年から１年以内,19,1 : 男性,3 : 関東地方,1,Q2,2,0,180,200,0,1,0,0,0,1,1102
226,2 : 過去半年から１年以内,19,1 : 男性,3 : 関東地方,1,Q3,2,0,200,170,0,1,0,0,0,1,1103
226,2 : 過去半年から１年以内,19,1 : 男性,3 : 関東地方,1,Q4,2,0,220,200,0,1,0,0,0,1,1104
226,2 : 過去半年から１年以内,19,1 : 男性,3 : 関東地方,1,Q5,2,0,190,210,0,1,0,0,0,1,1105
227,1 : 過去半年以内,19,1 : 男性,3 : 関東地方,1,Q1,0,0,200,200,0,1,0,0,0,1,1106
227,1 : 過去半年以内,19,1 : 男性,3 : 関東地方,1,Q2,1,0,180,200,0,1,0,0,0,1,1107
227,1 : 過去半年以内,19,1 : 男性,3 : 関東地方,1,Q3,2,0,200,170,0,1,0,0,0,1,1108
227,1 : 過去半年以内,19,1 : 男性,3 : 関東地方,1,Q4,0,0,220,200,0,1,0,0,0,1,1109
227,1 : 過去半年以内,19,1 : 男性,3 : 関東地方,1,Q5,0,0,190,210,0,1,0,0,0,1,1110
228,1 : 過去半年以内,19,2 : 女性,3 : 関東地方,1,Q1,0,0,200,200,0,1,0,0,0,1,1111
228,1 : 過去半年以内,19,2 : 女性,3 : 関東地方,1,Q2,1,0,180,200,0,1,0,0,0,1,1112
228,1 : 過去半年以内,19,2 : 女性,3 : 関東地方,1,Q3,2,0,200,170,0,1,0,0,0,1,1113
228,1 : 過去半年以内,19,2 : 女性,3 : 関東地方,1,Q4,0,0,220,200,0,1,0,0,0,1,1114
228,1 : 過去半年以内,19,2 : 女性,3 : 関東地方,1,Q5,1,0,190,210,0,1,0,0,0,1,1115
229,1 : 過去半年以内,19,1 : 男性,3 : 関東地方,1,Q1,0,0,200,200,0,1,0,0,0,1,1116
229,1 : 過去半年以内,19,1 : 男性,3 : 関東地方,1,Q2,0,0,180,200,0,1,0,0,0,1,1117
229,1 : 過去半年以内,19,1 : 男性,3 : 関東地方,1,Q3,0,0,200,170,0,1,0,0,0,1,1118
229,1 : 過去半年以内,19,1 : 男性,3 : 関東地方,1,Q4,0,0,220,200,0,1,0,0,0,1,1119
229,1 : 過去半年以内,19,1 : 男性,3 : 関東地方,1,Q5,0,0,190,210,0,1,0,0,0,1,1120
230,1 : 過去半年以内,19,1 : 男性,3 : 関東地方,1,Q1,2,0,200,200,0,1,0,0,0,1,1121
230,1 : 過去半年以内,19,1 : 男性,3 : 関東地方,1,Q2,2,0,180,200,0,1,0,0,0,1,1122
230,1 : 過去半年以内,19,1 : 男性,3 : 関東地方,1,Q3,2,0,200,170,0,1,0,0,0,1,1123
230,1 : 過去半年以内,19,1 : 男性,3 : 関東地方,1,Q4,2,0,220,200,0,1,0,0,0,1,1124
230,1 : 過去半年以内,19,1 : 男性,3 : 関東地方,1,Q5,2,0,190,210,0,1,0,0,0,1,1125
231,1 : 過去半年以内,19,1 : 男性,3 : 関東地方,1,Q1,2,0,200,200,0,1,0,0,0,1,1126
231,1 : 過去半年以内,19,1 : 男性,3 : 関東地方,1,Q2,1,0,180,200,0,1,0,0,0,1,1127
231,1 : 過去半年以内,19,1 : 男性,3 : 関東地方,1,Q3,2,0,200,170,0,1,0,0,0,1,1128
231,1 : 過去半年以内,19,1 : 男性,3 : 関東地方,1,Q4,2,0,220,200,0,1,0,0,0,1,1129
231,1 : 過去半年以内,19,1 : 男性,3 : 関東地方,1,Q5,1,0,190,210,0,1,0,0,0,1,1130
232,1 : 過去半年以内,24,2 : 女性,9 : 海外,0,Q1,2,0,200,200,0,1,0,0,0,1,1131
232,1 : 過去半年以内,24,2 : 女性,9 : 海外,0,Q2,1,0,180,200,0,1,0,0,0,1,1132
232,1 : 過去半年以内,24,2 : 女性,9 : 海外,0,Q3,2,0,200,170,0,1,0,0,0,1,1133
232,1 : 過去半年以内,24,2 : 女性,9 : 海外,0,Q4,2,0,220,200,0,1,0,0,0,1,1134
232,1 : 過去半年以内,24,2 : 女性,9 : 海外,0,Q5,2,0,190,210,0,1,0,0,0,1,1135
233,1 : 過去半年以内,19,2 : 女性,3 : 関東地方,1,Q1,1,0,200,200,0,1,0,0,0,1,1136
233,1 : 過去半年以内,19,2 : 女性,3 : 関東地方,1,Q2,1,0,180,200,0,1,0,0,0,1,1137
233,1 : 過去半年以内,19,2 : 女性,3 : 関東地方,1,Q3,1,0,200,170,0,1,0,0,0,1,1138
233,1 : 過去半年以内,19,2 : 女性,3 : 関東地方,1,Q4,1,0,220,200,0,1,0,0,0,1,1139
233,1 : 過去半年以内,19,2 : 女性,3 : 関東地方,1,Q5,1,0,190,210,0,1,0,0,0,1,1140
234,2 : 過去半年から１年以内,19,1 : 男性,3 : 関東地方,1,Q1,2,0,200,200,0,1,0,0,0,1,1141
234,2 : 過去半年から１年以内,19,1 : 男性,3 : 関東地方,1,Q2,0,0,180,200,0,1,0,0,0,1,1142
234,2 : 過去半年から１年以内,19,1 : 男性,3 : 関東地方,1,Q3,2,0,200,170,0,1,0,0,0,1,1143
234,2 : 過去半年から１年以内,19,1 : 男性,3 : 関東地方,1,Q4,2,0,220,200,0,1,0,0,0,1,1144
234,2 : 過去半年から１年以内,19,1 : 男性,3 : 関東地方,1,Q5,0,0,190,210,0,1,0,0,0,1,1145
235,1 : 過去半年以内,19,2 : 女性,9 : 海外,1,Q1,2,0,200,200,0,1,0,0,0,1,1146
235,1 : 過去半年以内,19,2 : 女性,9 : 海外,1,Q2,1,0,180,200,0,1,0,0,0,1,1147
235,1 : 過去半年以内,19,2 : 女性,9 : 海外,1,Q3,2,0,200,170,0,1,0,0,0,1,1148
235,1 : 過去半年以内,19,2 : 女性,9 : 海外,1,Q4,2,0,220,200,0,1,0,0,0,1,1149
235,1 : 過去半年以内,19,2 : 女性,9 : 海外,1,Q5,1,0,190,210,0,1,0,0,0,1,1150
236,1 : 過去半年以内,19,1 : 男性,3 : 関東地方,1,Q1,0,0,200,200,0,1,0,0,0,1,1151
236,1 : 過去半年以内,19,1 : 男性,3 : 関東地方,1,Q2,1,0,180,200,0,1,0,0,0,1,1152
236,1 : 過去半年以内,19,1 : 男性,3 : 関東地方,1,Q3,2,0,200,170,0,1,0,0,0,1,1153
236,1 : 過去半年以内,19,1 : 男性,3 : 関東地方,1,Q4,0,0,220,200,0,1,0,0,0,1,1154
236,1 : 過去半年以内,19,1 : 男性,3 : 関東地方,1,Q5,0,0,190,210,0,1,0,0,0,1,1155
237,1 : 過去半年以内,19,2 : 女性,3 : 関東地方,0,Q1,2,0,200,200,0,1,0,0,0,1,1156
237,1 : 過去半年以内,19,2 : 女性,3 : 関東地方,0,Q2,2,0,180,200,0,1,0,0,0,1,1157
237,1 : 過去半年以内,19,2 : 女性,3 : 関東地方,0,Q3,2,0,200,170,0,1,0,0,0,1,1158
237,1 : 過去半年以内,19,2 : 女性,3 : 関東地方,0,Q4,2,0,220,200,0,1,0,0,0,1,1159
237,1 : 過去半年以内,19,2 : 女性,3 : 関東地方,0,Q5,2,0,190,210,0,1,0,0,0,1,1160
238,1 : 過去半年以内,19,2 : 女性,3 : 関東地方,1,Q1,0,0,200,200,0,1,0,0,0,1,1161
238,1 : 過去半年以内,19,2 : 女性,3 : 関東地方,1,Q2,0,0,180,200,0,1,0,0,0,1,1162
238,1 : 過去半年以内,19,2 : 女性,3 : 関東地方,1,Q3,2,0,200,170,0,1,0,0,0,1,1163
238,1 : 過去半年以内,19,2 : 女性,3 : 関東地方,1,Q4,2,0,220,200,0,1,0,0,0,1,1164
238,1 : 過去半年以内,19,2 : 女性,3 : 関東地方,1,Q5,0,0,190,210,0,1,0,0,0,1,1165
239,1 : 過去半年以内,19,1 : 男性,3 : 関東地方,1,Q1,2,0,200,200,0,1,0,0,0,1,1166
239,1 : 過去半年以内,19,1 : 男性,3 : 関東地方,1,Q2,1,0,180,200,0,1,0,0,0,1,1167
239,1 : 過去半年以内,19,1 : 男性,3 : 関東地方,1,Q3,2,0,200,170,0,1,0,0,0,1,1168
239,1 : 過去半年以内,19,1 : 男性,3 : 関東地方,1,Q4,2,0,220,200,0,1,0,0,0,1,1169
239,1 : 過去半年以内,19,1 : 男性,3 : 関東地方,1,Q5,1,0,190,210,0,1,0,0,0,1,1170
240,3 : １年以上前,19,2 : 女性,3 : 関東地方,0,Q1,2,0,200,200,0,1,0,0,0,1,1171
240,3 : １年以上前,19,2 : 女性,3 : 関東地方,0,Q2,1,0,180,200,0,1,0,0,0,1,1172
240,3 : １年以上前,19,2 : 女性,3 : 関東地方,0,Q3,2,0,200,170,0,1,0,0,0,1,1173
240,3 : １年以上前,19,2 : 女性,3 : 関東地方,0,Q4,2,0,220,200,0,1,0,0,0,1,1174
240,3 : １年以上前,19,2 : 女性,3 : 関東地方,0,Q5,1,0,190,210,0,1,0,0,0,1,1175
241,1 : 過去半年以内,20,1 : 男性,9 : 海外,1,Q1,1,0,200,200,0,1,0,0,0,1,1176
241,1 : 過去半年以内,20,1 : 男性,9 : 海外,1,Q2,1,0,180,200,0,1,0,0,0,1,1177
241,1 : 過去半年以内,20,1 : 男性,9 : 海外,1,Q3,0,0,200,170,0,1,0,0,0,1,1178
241,1 : 過去半年以内,20,1 : 男性,9 : 海外,1,Q4,0,0,220,200,0,1,0,0,0,1,1179
241,1 : 過去半年以内,20,1 : 男性,9 : 海外,1,Q5,1,0,190,210,0,1,0,0,0,1,1180
242,2 : 過去半年から１年以内,20,1 : 男性,4 : 中部地方,0,Q1,1,0,200,200,0,1,0,0,0,1,1181
242,2 : 過去半年から１年以内,20,1 : 男性,4 : 中部地方,0,Q2,1,0,180,200,0,1,0,0,0,1,1182
242,2 : 過去半年から１年以内,20,1 : 男性,4 : 中部地方,0,Q3,0,0,200,170,0,1,0,0,0,1,1183
242,2 : 過去半年から１年以内,20,1 : 男性,4 : 中部地方,0,Q4,0,0,220,200,0,1,0,0,0,1,1184
242,2 : 過去半年から１年以内,20,1 : 男性,4 : 中部地方,0,Q5,1,0,190,210,0,1,0,0,0,1,1185
243,2 : 過去半年から１年以内,19,1 : 男性,3 : 関東地方,1,Q1,0,0,200,200,0,1,0,0,0,1,1186
243,2 : 過去半年から１年以内,19,1 : 男性,3 : 関東地方,1,Q2,1,0,180,200,0,1,0,0,0,1,1187
243,2 : 過去半年から１年以内,19,1 : 男性,3 : 関東地方,1,Q3,2,0,200,170,0,1,0,0,0,1,1188
243,2 : 過去半年から１年以内,19,1 : 男性,3 : 関東地方,1,Q4,0,0,220,200,0,1,0,0,0,1,1189
243,2 : 過去半年から１年以内,19,1 : 男性,3 : 関東地方,1,Q5,1,0,190,210,0,1,0,0,0,1,1190
